Medline Plus ID,Common name,Synonyms
a699012,Abacavir,Ziagen
a617015,"Abacavir, Dolutegravir, and Lamivudine",Triumeq
a616051,"Abacavir, Lamivudine, and Zidovudine",
a617038,Abaloparatide Injection,Tymlos
a606016,Abatacept Injection,Orencia
a617049,Abemaciclib,Verzenio
a611046,Abiraterone,Zytiga
a609035,AbobotulinumtoxinA Injection,Dysport|BoNT-A
a622008,Abrocitinib,Cibinqo
a618004,Acalabrutinib,Calquence
a604028,Acamprosate,Campral
a696015,Acarbose,Prandase
a687003,Acebutolol,Sectral
a681004,Acetaminophen,Panadol|Tylenol|Actamin
a611019,Acetaminophen Injection,Ofirmev|APAP|Paracetamol
a621016,Acetaminophen Rectal,Acephen Rectal Suppository|Neopap Supprettes Rectal Suppository
a601005,Acetaminophen and Codeine,Empracet|Tylenol|Capital|Phenaphen
a601009,"Acetaminophen, Butalbital, and Caffeine",Alagesic|Tencet|Femcet|Esgic|Ide-cet|Minotal|Dolmar|Pharmagesic|Nonbac|Two-Dyne|Anolor|Repan|Fiorpap|Margesic|Arcet
a682756,Acetazolamide,Diamox
a615021,Acetylcysteine Oral Inhalation,Mucomyst|N-Acetylcysteine
a601010,Acitretin,Soriatane
a613001,Aclidinium Oral Inhalation,Tudorza
a681045,Acyclovir,Sitavig|Acycloguanosine|Zovirax
a619042,Acyclovir Buccal,Sitavig
a681036,Acyclovir Injection,Zovirax
a619029,Acyclovir Ophthalmic,Avaclyr
a606001,Acyclovir Topical,Zovirax
a603010,Adalimumab Injection,Humira
a604001,Adapalene,Differin
a605024,Adefovir,Hepsera
a613031,Ado-trastuzumab Emtansine Injection,Kadcyla
a621033,Aducanumab-avwa Injection,Aduhelm
a613044,Afatinib,Gilotrif
a612004,Aflibercept Injection,Eylea
a610019,Albendazole,Albenza
a614031,Albiglutide Injection,Tanzeum
a607004,Albuterol,Ventolin|salbutamol|Proventil|Volmax
a682145,Albuterol Oral Inhalation,Proair|Accuneb|Ventolin|Salbutamol
a601063,Albuterol and Ipratropium Oral Inhalation,DuoNeb|Combivent
a611022,Alcaftadine Ophthalmic,Lastacaft
a692009,Aldesleukin,Proleukin|Interleukin-2
a616007,Alectinib,Alecensa
a608053,Alemtuzumab Injection (Chronic Lymphocytic Leukemia),Campath
a619012,Alemtuzumab Injection (Multiple Sclerosis),Lemtrada
a601011,Alendronate,Binosto
a604002,Alfuzosin,Uroxatral
a615035,Alirocumab Injection,Praluent
a607039,Aliskiren,Tekturna
a601012,Alitretinoin,Panretin
a682673,Allopurinol,Aloprim|Zyloprim
a603028,Almotriptan,Axert
a613026,Alogliptin,Nesina
a601230,Alosetron,Lotronex
a619036,Alpelisib,Piqray
a684001,Alprazolam,Niravam|Xanax
a695022,Alprostadil Urogenital,Prostaglandin E|Caverject|Edex
a601200,Altretamine,Hexalen
a699048,Aluminum Hydroxide,Alu-Tab|AlternaGEL
a601013,Aluminum Hydroxide and Magnesium Hydroxide,Kudrox|Magagel|Maalox HRF|Maldroxal|Antacid (aluminum-magnesium)|Antacid Suspension|Ri-Mox|Alamag
a608051,Alvimopan,Entereg
a682064,Amantadine,Gocovri|Adamantanamine Hydrochloride|Symadine
a612023,Ambrisentan,Letairis
a696014,Amifostine Injection,Ethiofos|Ethyol
a682661,Amikacin Injection,Amikin
a615029,Amiloride,Midamor
a601014,Amiloride and Hydrochlorothiazide,Hydro-ride
a608023,Aminocaproic Acid,Amicar
a608024,Aminocaproic Acid Injection,Amicar
a607062,Aminolevulinic Acid Topical,Levulan
a601015,Aminophylline,Somophyllin|Aminophyllin
a687009,Amiodarone,Cordarone
a682388,Amitriptyline,Amitid|Elavil
a621034,Amivantamab-vmjw Injection,Rybrevant
a601017,Amlexanox,Aphthasol
a692044,Amlodipine,Amvaz|Norvasc
a601018,Amlodipine and Benazepril,Amlobenz
a617028,Ammonium Lactate Topical,Lac-Hydrin
a682202,Amoxapine,Asendin
a685001,Amoxicillin,Amoxil|Dispermox|Trimox|p-Hydroxyampicillin|Wymox|Moxtag
a685024,Amoxicillin and Clavulanic Acid,
a616004,Amphetamine,Adzenys ER|Dyanavel XR|Evekeo
a682643,Amphotericin B Injection,
a601132,Amphotericin B Lipid Complex Injection,Abelcet
a616018,Amphotericin B Liposomal Injection,AmBisome
a685002,Ampicillin,Aminobenzylpenicillin|Totacillin|Polycillin|Penbritin|Amcill
a601133,Ampicillin Injection,Polycillin-N|Aminobenzylpenicillin|Omnipen-N
a693021,Ampicillin and Sulbactam Injection,
a601020,Anagrelide,Agrylin
a602001,Anakinra,Kineret
a696018,Anastrozole,Arimidex
a621046,Anifrolumab-fnia Injection,Saphnelo
a607013,Anthrax Vaccine,Biothrax
a607073,Antipyrine-Benzocaine Otic,
a618018,Apalutamide,Erleada
a613032,Apixaban,Eliquis
a604020,Apomorphine Injection,Apokyn
a620044,Apomorphine Sublingual,Kynmobi
a608005,Apraclonidine Ophthalmic,Iopidine
a614022,Apremilast,Otezla
a604003,Aprepitant,Emend
a617042,Aprepitant/Fosaprepitant Injection,Cinvanti
a607061,Arformoterol Oral Inhalation,Brovana
a603012,Aripiprazole,Abilify
a615048,Aripiprazole Injection,Aristada|Abilify
a607067,Armodafinil,Nuvigil
a608017,Arsenic Trioxide Injection,Trisenox
a609024,Artemether and Lumefantrine,
a621055,Asciminib,ScemblixÂ®
a682583,Ascorbic Acid (Vitamin C),Sunkist|Cevi-Bid|C-500|Cecon
a610015,Asenapine,Saphris
a620019,Asenapine Transdermal Patch,Secuado
a621042,Asparaginase Erwinia Chrysanthemi (recombinant)-rywn Injection,Rylaze
a612034,Asparaginase Erwinia Chrysanthemi Injection,Erwinaze
a682878,Aspirin,Bayer|Aspirtab|Gennin-FC|Valomag|Acuprin|Fasprin|Ascriptin|Entaprin|Uni-Buff|Ecotrin|Aspidrox|Ridiprin|Miniprin|Buffex|Halfprin
a621021,Aspirin Rectal,Aspirin|Acetylsalicylic acid
a699053,Aspirin and Extended-Release Dipyridamole,
a617014,Aspirin and Omeprazole,Yosprala
a601023,"Aspirin, Butalbital, and Caffeine",Fiormor|Farbital|Isollyl|Lanorinal|Fortabs
a603019,Atazanavir,ATZ|Reyataz
a622001,Atazanavir and Cobicistat,Evotaz
a684031,Atenolol,Tenormin
a616035,Atezolizumab Injection,Tecentriq
a621052,Atogepant,Qulipta
a603013,Atomoxetine,Strattera
a600045,Atorvastatin,Lipitor
a693003,Atovaquone,Mepron
a619023,Atovaquone and Proguanil,Malarone
a682487,Atropine Ophthalmic,Atropine Care 1%|Isopto
a685038,Auranofin,Ridaura
a614010,Avanafil,Stendra
a620013,Avapritinib,Ayvakit
a618032,Avatrombopag,Doptelet
a617006,Avelumab Injection,Bavencio
a618003,Axicabtagene Ciloleucel Injection,Yescarta
a612017,Axitinib,Inlyta
a620060,Azacitidine,Onureg
a607068,Azacitidine Injection,Vidaza|Ladakamycin
a682167,Azathioprine,Azasan
a603020,Azelaic Acid Topical ,Finacea|Azelex|Heptanedicarboxylic acid
a697014,Azelastine Nasal Spray,Astelin
a603009,Azelastine Ophthalmic,Optivar
a611028,Azilsartan,Edarbi
a697037,Azithromycin,Zmax|Zithromax|Zithromax
a687010,Aztreonam Injection,Azactam
a682809,Bacillus Calmette-Guerin (BCG) Vaccine,TheraCys|BCG live
a613017,Bacitracin Ophthalmic,
a614052,Bacitracin Topical,Baciguent
a682530,Baclofen,Ozobax|Kemstro
a618062,Baloxavir Marboxil,Xofluza
a699052,Balsalazide,Colazal
a620062,Bamlanivimab Injection,
a621008,Bamlanivimab and Etesevimab Injection,
a618033,Baricitinib,Olumiant
a606010,Barium Sulfate,Tonopaque|Enhancer|Intropaste|Anatrast|HD 85|Prepcat|Barosperse
a612013,Basiliximab Injection,Simulect
a699049,Becaplermin Topical,Regranex
a681047,Beclomethasone Nasal Spray,Beconase|Vancenase
a681050,Beclomethasone Oral Inhalation,Vanceril|Beclovent
a613022,Bedaquiline,Sirturo
a620052,Belantamab Mafodotin-blmf Injection,Blenrep
a612011,Belatacept Injection,Nulojix
a611027,Belimumab Injection,Benlysta
a614035,Belinostat Injection,Beleodaq
a601024,Belladonna Alkaloid Combinations and Phenobarbital,
a621043,Belumosudil,Rezurock
a621047,Belzutifan,Welireg
a620020,Bempedoic Acid,Nexletol
a692011,Benazepril,Lotensin
a601025,Benazepril and Hydrochlorothiazide,Lotensin
a608034,Bendamustine Injection,Treanda|Belrapzo
a618002,Benralizumab Injection,Fasenra
a607074,Bentoquatam Topical,Ivy Block
a620007,Benzhydrocodone and Acetaminophen,Apadaz
a617043,Benznidazole,
a682640,Benzonatate,Tessalon
a601026,Benzoyl Peroxide Topical,Clear By Design|Soluclenz|Triaz|Acne-Clear|Clearplex|BenzEFoam|Peroderm|Binora|Oscion|Pacnex|Zaclir|ZoDerm|Clinac BPO|Desquam|Benzagel|Ben-Aqua|NeoBenz|Persa-Gel|Lavoclen|Fostex
a682155,Benztropine,Cogentin
a611011,Benzyl Alcohol Topical,Ulesfia
a610012,Bepotastine Ophthalmic,Bepreve
a610011,Besifloxacin Ophthalmic,Besivance
a608012,Betaine,Cystadane|Trimethylglycine
a682799,Betamethasone Topical,Alphatrex|Valnac|Uticort|Betaderm|Celestone|Diprolene|Luxiq
a609023,Betaxolol,Kerlone
a686004,Betaxolol Ophthalmic,Betoptic
a682849,Bethanechol,Duvoid|Urecholine
a617050,Betrixaban,Bevyxxa
a607001,Bevacizumab Injection,Avastin|Zirabev
a608006,Bexarotene,Targretin
a608036,Bexarotene Topical,Targretin
a617003,Bezlotoxumab Injection,Zinplava
a697047,Bicalutamide,Casodex
a618012,"Bictegravir, Emtricitabine, and Tenofovir",Biktarvy
a602030,Bimatoprost Ophthalmic,Lumigan
a609009,Bimatoprost Topical,Latisse
a618041,Binimetinib,Mektovi
a601027,Bisacodyl,Fleet|Dulcolax|Carter's Little Pills
a611051,Bisacodyl Rectal,Bisac-Evac|Dulcolax
a607040,Bismuth Subsalicylate,Peptic Relief|Bismusal|Pink Bismuth
a601028,"Bismuth, Metronidazole, and Tetracycline",Helidac
a693024,Bisoprolol,Zebeta
a682125,Bleomycin,Blenoxane
a614061,Blinatumomab Injection,Blincyto
a611039,Boceprevir,Victrelis
a607007,Bortezomib,Velcade
a605001,Bosentan,Tracleer
a613005,Bosutinib,Bosulif
a619054,Bremelanotide Injection,Vyleesi
a611052,Brentuximab Vedotin Injection,Adcetris
a619037,Brexanolone Injection,Zulresso
a615046,Brexpiprazole,Rexulti
a620054,Brexucabtagene Autoleucel Injection,Tecartus
a617016,Brigatinib,Alunbrig
a601232,Brimonidine Ophthalmic,Alphagan P
a601233,Brinzolamide Ophthalmic,Azopt
a616027,Brivaracetam,Briviact
a616026,Brivaracetam Injection,Briviact
a617009,Brodalumab Injection,Siliq
a620001,Brolucizumab-dbll Injection,Beovu
a611018,Bromfenac Ophthalmic,Prolensa|Bromday
a682079,Bromocriptine,Bromocryptine|2-Bromoergocryptine|Cycloset
a682545,Brompheniramine,Ala-Hist|Disomer|Veltane
a608007,Budesonide,Entocort
a601030,Budesonide Nasal Spray,Rhinocort
a699056,Budesonide Oral Inhalation,Pulmicort|Pulmicort
a684051,Bumetanide,Bumex
a616019,Buprenorphine Buccal (chronic pain),Belbuca
a618015,Buprenorphine Injection,Sublocade
a605002,Buprenorphine Sublingual and Buccal (opioid dependence),Subutex
a613042,Buprenorphine Transdermal Patch,Butrans
a695033,Bupropion,Forfivo|Budeprion|Zyban|Aplenzin|Wellbutrin
a618034,Burosumab-twza Injection,Crysvita
a688005,Buspirone,BuSpar
a682248,Busulfan,Busulphan|Myleran
a611033,Busulfan Injection,Busulfex|Busulphan
a682417,Butabarbital,secbutobarabitone sodium|Butabarb|Sarisol|Buticaps
a682012,Butoconazole Vaginal Cream,Femstat 3
a682667,Butorphanol Injection,Stadol
a601204,Butorphanol Nasal Spray,Stadol
a621007,"COVID-19 Vaccine, Viral Vector (Janssen [Johnson and Johnson])",
a621002,"COVID-19 Vaccine, mRNA (Moderna)","SARS-CoV-2 (COVID-19) vaccine, mRNA spike protein|Spikevax|mRNA COVID-19 vaccine"
a621003,"COVID-19 Vaccine, mRNA (Pfizer-BioNTech)","Comirnaty|BNT162b2 mRNA|SARS-CoV-2 (COVID-19) vaccine, mRNA spike protein"
a611009,Cabazitaxel Injection,Jevtana
a612020,Cabergoline,Dostinex
a621010,Cabotegravir,Vocabria
a621009,Cabotegravir and Rilpivirine Injections,Cabenuva
a616037,Cabozantinib,Cabometyx
a613015,Cabozantinib (thyroid cancer),Cometriq
a619015,Calaspargase pegol-mknl Injection,Asparlas
a616041,Calcifediol,Rayaldee
a608018,Calcipotriene Topical,Dovonex
a682788,Calcitonin Salmon Injection,Calcimar
a601031,Calcitonin Salmon Nasal Spray,Fortical
a682335,Calcitriol,Rocaltrol
a613046,Calcitriol Topical,Vectical
a620017,Calcium Acetate,PhosLo
a601032,Calcium Carbonate,Os-Cal 500|Chooz|Calcid|Titralac|Alka-Mints
a621001,"Calcium, Magnesium, Potassium, and Sodium Oxybate",Xywav
a613033,Canagliflozin,Invokana
a601033,Candesartan,Atacand
a618051,Cannabidiol,Epidiolex
a699003,Capecitabine,Xeloda
a619030,Caplacizumab-yhdp Injection,Cablivi
a620038,Capmatinib,Tabrecta
a620055,Capsaicin Topical,Zostrix HP|Aspercreme Warming|Revlex
a620056,Capsaicin Transdermal Patch,Aspercreme Warming|Salonpas Pain Relieving Hot|Medirelief Hot|Solistice Hot
a682823,Captopril,Capoten
a601034,Captopril and Hydrochlorothiazide,Capozide
a682237,Carbamazepine,Equetro|Carbatrol|Tegretol
a695017,Carboplatin Injection,Paraplatin|CBDCA
a612031,Carfilzomib Injection,Kyprolis
a615050,Cariprazine,Vraylar
a682578,Carisoprodol,Rela
a682060,Carmustine,BiCNU|BCNU
a611045,Carmustine Implant,Gliadel
a697042,Carvedilol,Coreg
a620063,Casirivimab and Imdevimab Injection,REGEN-COV
a615001,Caspofungin Injection,Cancidas
a682729,Cefaclor,Raniclor|Ceclor
a682730,Cefadroxil,Duricef
a682731,Cefazolin Injection,Ancef
a698001,Cefdinir,Omnicef
a605003,Cefditoren,Spectracef
a698021,Cefepime Injection,Maxipime
a620008,Cefiderocol Injection,Fetroja
a690007,Cefixime,Suprax
a682765,Cefotaxime Injection,Claforan
a686015,Cefotetan Injection,Cefotan
a682737,Cefoxitin Injection,Mefoxin
a698024,Cefpodoxime,Banan
a698022,Cefprozil,Cefzil
a611014,Ceftaroline Injection,Teflaro
a686007,Ceftazidime Injection,Fortaz
a615018,Ceftazidime and Avibactam Injection,Avycaz
a698023,Ceftibuten,Cedax
a615010,Ceftolozane and Tazobactam Injection,Zerbaxa
a685032,Ceftriaxone Injection,Rocephin
a601206,Cefuroxime,Ceftin
a684044,Cefuroxime Injection,Kefurox
a699022,Celecoxib,Celebrex
a618054,Cemiplimab-rwlc Injection,Libtayo
a619001,Cenegermin-bkbj Ophthalmic,Oxervate
a620021,Cenobamate,Xcopri
a682733,Cephalexin,Keftab|Keflet
a614027,Ceritinib,Zykadia
a608041,Certolizumab Injection,Cimzia
a698026,Cetirizine,Aller-Tec|Zyrtec
a621035,Cetirizine Ophthalmic,Zerviate
a607041,Cetuximab Injection,Erbitux
a608025,Cevimeline,Evoxac
a682201,Chloral Hydrate,Somnote|Aquachloral
a682899,Chlorambucil,Leukeran
a608008,Chloramphenicol Injection,Chloromycetin
a682078,Chlordiazepoxide,H-Tran|A-poxide|Poxi|Lygen|Libritabs
a601036,Chlordiazepoxide and Clidinium,Clindex
a682318,Chloroquine,Aralen
a682341,Chlorothiazide,Chlotride
a682543,Chlorpheniramine,Polaramine|Teldrin|Chlor-Trimeton|Aller-Chlor|Chlo-Amine|Chlor-Trimeton
a682040,Chlorpromazine,Promapar
a682479,Chlorpropamide,Diabinese
a682342,Chlorthalidone,Hygroton
a682577,Chlorzoxazone,Paraflex|Strifon Forte
a620058,Cholecalciferol (Vitamin D3),
a618024,Cholera Vaccine,Vaxchora
a682672,Cholestyramine Resin,Questran|Prevalite|Locholest
a602021,Choline Magnesium Trisalicylate,Trilisate
a607008,Ciclesonide Nasal Spray,Omnaris
a609004,Ciclesonide Oral Inhalation,Alvesco
a604021,Ciclopirox Topical,Penlac
a696037,Cidofovir Injection,Vistide
a601038,Cilostazol,Pletal
a682256,Cimetidine,Tagamet
a605004,Cinacalcet,Sensipar
a688016,Ciprofloxacin,Cipro|Cipro
a693022,Ciprofloxacin Injection,Cipro
a605005,Ciprofloxacin Ophthalmic,Ciloxan
a618027,Ciprofloxacin Otic,Cetraxal
a607010,Ciprofloxacin and Dexamethasone Otic,
a607009,Ciprofloxacin and Hydrocortisone Otic,
a694006,Cisapride,Propulsid
a684036,Cisplatin Injection,cis-Platinum II|cis-DDP|Platinol
a699001,Citalopram,Celexa
a619038,Cladribine,Mavenclad
a693015,Cladribine Injection,2-CdA|Leustatin|CdA
a692005,Clarithromycin,Biaxin|Biaxin
a682542,Clemastine,Tavist|meclastine fumarate|Dayhist
a682399,Clindamycin,Cleocin
a682382,Clindamycin Injection,Cleocin
a609005,Clindamycin Topical,Cleocin-T|Clindagel|C/T/S
a609006,Clindamycin Vaginal,Cleocin
a603021,Clindamycin and Benzoyl Peroxide Topical,
a682367,Clioquinol Topical,Vioform|Iodochlorhydroxyquin
a612008,Clobazam,Onfi
a686008,Clobetasol Topical,Clobex|Embeline|Temovate
a607012,Clofarabine Injection,Clolar
a682704,Clomiphene,Clomid|Serophene
a697002,Clomipramine,Anafranil
a682279,Clonazepam,Klonopin
a682243,Clonidine,Kapvay|Catapres
a608049,Clonidine Transdermal Patch,Catapres-TTS
a601040,Clopidogrel,Plavix
a682052,Clorazepate,Gen-Xene
a618058,Clotrimazole Lozenge,Mycelex
a618059,Clotrimazole Topical,Lotrimin|Lotrimin
a682753,Clotrimazole Vaginal,Trivagizole|Gyne-Lotrimin
a691001,Clozapine,Versacloz|Clozaril
a684026,Co-trimoxazole,
a601165,Co-trimoxazole Injection,
a616029,Cobicistat,Tybost
a615057,Cobimetinib,Cotellic
a682065,Codeine,Tuzistra XR
a682711,Colchicine,Colcrys
a699050,Colesevelam,WelChol
a682157,Colestipol,Colestid|Colestid
a682860,Colistimethate Injection,Coly-Mycin M|Polymyxin E
a612029,Collagenase Clostridium Histolyticum Injection,QWO
a617044,Copanlisib Injection,Aliqopa
a613006,"Corticotropin, Repository Injection",H.P. Acthar Gel
a617019,Crisaborole Topical,Eucrisa
a620010,Crizanlizumab-tmca Injection,Adakveo
a612018,Crizotinib,Xalkori
a613016,Crofelemer,Fulyzaq
a617004,Cromolyn Ophthalmic,Crolom
a601042,Cromolyn Oral Inhalation,Intal
a682713,Cromolyn Sodium Nasal Solution,Nasalcrom
a605007,Cyanocobalamin Injection,Berubigen|Rubivite|Vi-twel|Cobavite|Vitamin B
a604029,Cyanocobalamin Nasal Gel,Nascobal|Vitamin B
a682514,Cyclobenzaprine,Amrix
a616014,Cyclopentolate Ophthalmic,Pentolair|Akpentolate
a682080,Cyclophosphamide,Cytoxan|CYT|CPM
a611044,Cyclophosphamide Injection,CYT|Cytoxan|CPM
a601207,Cyclosporine,Sandimmune|Gengraf
a684054,Cyclosporine Injection,Sandimmune
a604009,Cyclosporine Ophthalmic,Cequa
a682541,Cyproheptadine,Periactin
a682222,Cytarabine,Cytosine arabinoside|1-beta-Arabinofuranosylcytosine|Cytosar-U
a612003,Cytarabine Lipid Complex Injection,DepoCyt
a610024,Dabigatran,Pradaxa
a613038,Dabrafenib,Tafinlar
a682750,Dacarbazine,DIC|DTIC-Dome|Dimethyl Triazeno Imidazol Carboxamide
a615044,Daclatasvir,Daklinza
a616036,Daclizumab Injection,Zinbryta
a618055,Dacomitinib,Vizimpro
a682224,Dactinomycin,Actinomycin|Cosmegen
a614036,Dalbavancin Injection,Dalvance
a611005,Dalfampridine,Ampyra|fampridine|4-aminopyridine
a696006,Dalteparin Injection,Fragmin
a682599,Danazol,Danocrine
a682576,Dantrolene,Dantrium
a614015,Dapagliflozin,Farxiga
a682128,Dapsone,Dapsone|DDS
a616045,Dapsone Topical,Aczone
a608045,Daptomycin Injection,Cubicin
a616002,Daratumumab Injection,Darzalex
a620040,Daratumumab and Hyaluronidase-fihj Injection,Darzalex Faspro
a604022,Darbepoetin Alfa Injection,Aranesp
a605039,Darifenacin,Enablex
a619045,Darolutamide,Nubeqa
a607042,Darunavir,Prezista
a622003,Darunavir and Cobicistat,Prezcobix
a618045,"Darunavir, Cobicistat, Emtricitabine, and Tenofovir",Symtuza
a616040,"Dasabuvir, Ombitasvir, Paritaprevir, and Ritonavir",Viekira XR
a607063,Dasatinib,Sprycel
a621022,Dasiglucagon Injection,Zegalogue
a682289,Daunorubicin,Daunomycin|Cerubidine
a611053,Daunorubicin Lipid Complex Injection,DaunoXome
a617045,Daunorubicin and Cytarabine Lipid Complex Injection,Vyxeos
a608009,Decitabine Injection,Dacogen
a620050,Decitabine and Cedazuridine,Inqovi
a606002,Deferasirox,Exjade
a612016,Deferiprone,Ferriprox
a616024,Defibrotide Injection,Defitelio
a617024,Deflazacort,Emflaza
a609022,Degarelix Injection,Firmagon
a617046,Delafloxacin,Baxdela
a617047,Delafloxacin Injection,Baxdela
a600034,Delavirdine,Rescriptor
a682103,Demeclocycline,Declomycin
a611024,Denileukin Diftitox Injection,Ontak
a610023,Denosumab Injection,Prolia
a615026,Deoxycholic Acid Injection,Kybella
a682387,Desipramine,Norpramin
a602002,Desloratadine,Clarinex
a608010,Desmopressin,DDAVP
a682876,Desmopressin Nasal,Stimate|Minirin|Concentraid
a605025,Desonide Topical,Verdeso|Desonate
a605026,Desoximetasone Topical,Topicort|Desoxymetasone
a608022,Desvenlafaxine,Pristiq
a617022,Deutetrabenazine,Austedo
a682792,Dexamethasone,Dexpak|Decadron
a616022,Dexamethasone Injection,Decadron
a682869,Dexamethasone Ophthalmic,TobraDex|Maxitrol|Dexacidin|Dexair
a609017,Dexlansoprazole,Dexilant
a603014,Dexmethylphenidate,Focalin
a609010,Dexrazoxane Injection,Totect
a605027,Dextroamphetamine,LiquADD|DextroStat|Dexampex
a601234,Dextroamphetamine and Amphetamine,Mydayis
a682492,Dextromethorphan,Triaminic Long-Acting Cough|Delsym 12-hour Cough
a611048,Dextromethorphan and Quinidine,Nuedexta
a682047,Diazepam,Valrelease|Diazepam Intensol
a620026,Diazepam Nasal Spray,Valtoco
a605033,Diazepam Rectal,Diastat
a689002,Diclofenac,Voltaren XR|Cambia|Zorvolex
a606003,Diclofenac Ophthalmic,Voltaren
a611041,Diclofenac Topical (actinic keratosis),Solaraze
a611002,Diclofenac Topical (arthritis pain),Pennsaid
a611001,Diclofenac Transdermal Patch,Flector
a699002,Diclofenac and Misoprostol,
a685017,Dicloxacillin,Pathocil|Dycill
a684007,Dicyclomine,Bentyl
a691006,Didanosine,ddI|Videx
a682037,Diethylpropion,Tepanil|Tenuate
a602019,Diflorasone Topical,Florone
a684037,Diflunisal,Dolobid
a609025,Difluprednate Ophthalmic,Durezol
a682301,Digoxin,Lanoxicaps|Cardoxin
a603022,Dihydroergotamine Injection,DHE-45
a622002,Dihydroergotamine Nasal Spray,Migranal
a684027,Diltiazem,Cardizem|Tiazac|Dilt-CD|Taztia|Cartia|Cardizem
a607046,Dimenhydrinate,Dramamine
a613028,Dimethyl Fumarate,Tecfidera|DMF
a682512,Dinoprostone,Prostin E2|Cervidil
a615022,Dinutuximab Injection,Unituxin
a682539,Diphenhydramine,Diphenadryl|Benadryl|Siladryl|Hydramine|Banophen|Compoz Nighttime Sleep Aid|Diphedryl|Aler-Dryl|Diphenylin|Sominex|Pardryl|Allermax
a616038,Diphenhydramine Injection,Benadryl
a601044,Diphenhydramine Topical,Afterbite with Antihistamine
a601045,Diphenoxylate,
a682198,"Diphtheria, Tetanus, and Pertussis (DTaP) Vaccine",Daptacel
a686005,Dipivefrin Ophthalmic,Akpro
a682830,Dipyridamole,Permole
a620002,Diroximel Fumarate,Vumerity
a682408,Disopyramide,Norpace
a682602,Disulfiram,Antabuse
a696031,Docetaxel Injection,Docefrez
a601235,Dofetilide,Tikosyn
a601001,Dolasetron,Anzemet
a601214,Dolasetron Injection,Anzemet
a613043,Dolutegravir,Juluca|Tivicay
a619043,Dolutegravir and Lamivudine,dolutegravir and 3TC|Dovato
a697032,Donepezil,Namzaric|Aricept
a618048,Doravirine,Pifeltro
a618049,"Doravirine, Lamivudine, and Tenofovir",Delstrigo
a608015,Doripenem Injection,Doribax
a694002,Dornase Alfa,Pulmozyme|DNase
a697049,Dorzolamide Ophthalmic,Trusopt
a602022,Dorzolamide and Timolol Ophthalmic,Cosopt
a621030,Dostarlimab-gxly Injection,Jemperli
a693045,Doxazosin,Cardura
a682390,"Doxepin (Depression, Anxiety)",Sinequan
a617017,Doxepin (Insomnia),Silenor
a605040,Doxepin Topical,Prudoxin
a616043,Doxercalciferol,Hectoral
a616044,Doxercalciferol Injection ,Hectorol
a682221,Doxorubicin,Hydroxydaunomycin Hydrochloride|Adriamycin
a612001,Doxorubicin Lipid Complex Injection,Doxil
a682063,Doxycycline,Doxychel|Doryx|Oracea|Vibra-Tabs|Acticlate
a601141,Doxycycline Injection,Doxy 100
a682537,Doxylamine,Aldex AN|Unisom
a613045,Doxylamine and Pyridoxine,Bonjesta
a607054,Dronabinol,Delta-9-tetrahydrocannabinol|Marinol
a609034,Dronedarone,Multaq
a614025,Droxidopa,Northera
a614047,Dulaglutide Injection,Trulicity
a604030,Duloxetine,Cymbalta
a617021,Dupilumab Injection,Dupixent
a617030,Durvalumab Injection,Imfinzi
a603001,Dutasteride,Avodart
a618056,Duvelisib,Copiktra
a684049,Econazole Topical,Spectazole
a612024,Eculizumab Injection,Soliris
a617027,Edaravone Injection,Radicava
a614055,Edoxaban,Savaysa
a699004,Efavirenz,Sustiva
a616048,"Efavirenz, Emtricitabine, and Tenofovir",Atripla
a618028,"Efavirenz, Lamivudine, and Tenofovir","Symfi|EFV, 3TC and TDF"
a614050,Efinaconazole Topical,Jublia
a604031,Eflornithine,Vaniqa
a618044,Elagolix,Orilissa
a620042,"Elagolix, Estradiol, and Norethindrone",Norethisterone|Oriahnn
a616016,Elbasvir and Grazoprevir,Zepatier
a603029,Eletriptan,Relpax
a619061,"Elexacaftor, Tezacaftor, and Ivacaftor",Trikafta
a618038,Eliglustat,Cerdelga
a616001,Elotuzumab Injection,Empliciti
a609011,Eltrombopag,Promacta
a615054,Eluxadoline,Viberzi
a612035,"Elvitegravir, Cobicistat, Emtricitabine, and Tenofovir",
a619024,Emapalumab-lzsg Injection,Gamifant
a614043,Empagliflozin,Synjardy|Jardiance
a604004,Emtricitabine,Emtriva
a612036,Emtricitabine and Tenofovir,
a616021,"Emtricitabine, Rilpivirine, and Tenofovir",Complera
a686022,Enalapril,Vasotec
a601047,Enalapril and Hydrochlorothiazide,Vaseretic
a617040,Enasidenib,Idhifa
a618040,Encorafenib,Braftovi
a620005,Enfortumab vedotin-ejfv Injection,Padcev
a603023,Enfuvirtide Injection,Fuzeon|T-20
a601210,Enoxaparin Injection,Lovenox
a601236,Entacapone,Comtan
a605028,Entecavir,Baraclude
a619049,Entrectinib,Rozlytrek
a612033,Enzalutamide,Xtandi
a604011,Epinastine Ophthalmic,Elestat
a603002,Epinephrine Injection,EpiPen|Auvi-Q|Adrenaclick|Twinject
a619002,Epinephrine Oral Inhalation,Primatene Mist
a603003,Epirubicin,Ellence
a603004,Eplerenone,Inspra
a692034,"Epoetin Alfa, Injection",Epogen|rHuEPO-alpha|Procrit|EPO
a601237,Eprosartan,Teveten
a620022,Eptinezumab-jjmr Injection,Vyepti
a618047,Eravacycline Injection,Xerava
a619031,Erdafitinib,Balversa
a618029,Erenumab-aooe Injection,Aimovig
a616042,Ergocalciferol,Vitamin D|Drisdol
a682097,Ergoloid Mesylates,Alkergot|Gerimal|Dihydroergotoxine
a601048,Ergotamine and Caffeine,Wigraine|Ercaf|Cafergot|Cafatine|caffeine and ergotamine
a611007,Eribulin Injection,Halaven
a605008,Erlotinib,Tarceva
a614001,Ertapenem Injection,Invanz
a618011,Ertugliflozin,Steglatro
a682381,Erythromycin,Ery-Tab|EES|PCE
a613018,Erythromycin Ophthalmic,Ilotycin
a603024,Erythromycin and Benzoyl Peroxide Topical,
a601049,Erythromycin and Sulfisoxazole,Pediazole|Eryzole
a603005,Escitalopram,Lexapro
a619017,Esketamine Nasal Spray,Spravato
a614032,Eslicarbazepine,Aptiom
a699054,Esomeprazole,Nexium
a619032,Esomeprazole Injection,Nexium I.V.
a691003,Estazolam,Eurodin
a605041,Estradiol Topical,Divigel|Evamist|Estrogen Replacement Therapy|Estrasorb
a605042,Estradiol Transdermal Patch,Alora|Estrogen replacement therapy|Vivelle|Esclim|FemPatch
a608046,Estramustine,Emcyt
a682922,Estrogen,Premarin|Estratab|Ogen|Amnestrogen|Enjuvia|Femogen
a606004,Estrogen Injection,conjugated estrogens|Delestrogen|estradiol cypionate|Premarin
a606005,Estrogen Vaginal,conjugated estrogens|Vagifem|Ogen|Femring|Estrace
a614004,Estrogen and Bazedoxifene,Duavee
a601041,Estrogen and Progestin (Hormone Replacement Therapy),Bijuva
a601050,Estrogen and Progestin (Oral Contraceptives),
a602006,Estrogen and Progestin (Transdermal Patch Contraceptives),
a604032,Estrogen and Progestin (Vaginal Ring Contraceptives),
a605009,Eszopiclone,Lunesta
a602013,Etanercept Injection,Enbrel
a617011,Etelcalcetide Injection,Parsabiv
a682857,Ethacrynic Acid,Edecrin
a682550,Ethambutol,Myambutol
a682327,Ethosuximide,Zarontin
a682581,Etidronate,Didronel|EHDP
a692015,Etodolac,Lodine
a684055,Etoposide,Vepesid|VP-16
a697011,Etoposide Injection,Vepesid|VP-16|Etopophos
a608016,Etravirine,Intelence
a609032,Everolimus,Afinitor|RAD001|Zortress
a621023,Evinacumab-dgnb Injection,Evkeeza
a615043,Evolocumab Injection,Repatha
a607006,Exemestane,Aromasin
a605034,Exenatide Injection,Byetta|Bydureon
a603015,Ezetimibe,Zetia
a612028,Ezogabine,Potiga
a620006,Fam-trastuzumab deruxtecan-nxki Injection,Enhertu
a694038,Famciclovir,Famvir
a687011,Famotidine,Fluxid|Pepcid
a601142,Famotidine Injection,Pepcid
a609020,Febuxostat,Uloric
a619058,Fedratinib,Inrebic
a606011,Felbamate,Felbatol
a692016,Felodipine,Plendil
a620045,Fenfluramine,Fintepla
a601052,Fenofibrate,Trilipix|Antara|Lipidil|TriCor
a681026,Fenoprofen,Nalfon
a605043,Fentanyl,Fentora|Abstral
a612015,Fentanyl Nasal Spray,Lazanda
a613041,Fentanyl Sublingual Spray,Subsys
a601202,Fentanyl Transdermal Patch,Duragesic
a614037,Ferric Carboxymaltose Injection,Injectafer
a622004,Ferric Citrate,Auryxia
a614023,Ferumoxytol Injection,Feraheme
a609021,Fesoterodine,Toviaz
a697035,Fexofenadine,Allegra
a601053,Fexofenadine and Pseudoephedrine,Allegra-D
a611040,Fidaxomicin,Dificid
a692033,Filgrastim Injection,Granulocyte Colony-Stimulating Factor|Nivestym|Granix|Recombinant Methionyl Human G-CSF
a698016,Finasteride,Propecia|Entadfi
a621038,Finerenone, Kerendia
a611006,Fingolimod,Gilenya
a682706,Flavoxate,Urispas
a608040,Flecainide,Tambocor
a615040,Flibanserin,Addyi
a682006,Floxuridine,Fluorodeoxyuridine|FUDR
a690002,Fluconazole,Diflucan
a601143,Fluconazole Injection,Diflucan
a692003,Fludarabine Injection,"2-Fluoro-ara-A Monophosphate, 2-Fluoro-ara AMP, FAMP|Fludara"
a682549,Fludrocortisone Acetate,Florinef
a685022,Flunisolide Nasal Spray,Nasalide
a681048,Flunisolide Oral Inhalation,AeroBid
a682271,Fluocinolone Topical,Synalar|Fluotrex|Fluocet|Capex
a601054,Fluocinonide Topical,Dermacin|Lidex|Fluonex|Vanos
a682727,Fluoride,Listerine|Vortex|Pepsodent|Pro-Den Rx|Glister|FluoriSHIELD|Epiflur|Dawn Mist|Crest|Colgate|Clinpro 5000|Ora-Line|Aim|AquaFresh|ACT|Xylishield|Oral Defense|Mentadent
a682708,Fluorouracil Injection,5-Fluorouracil|Adrucil
a605010,Fluorouracil Topical,5-Fluorouracil|Efudex|Carac
a689006,Fluoxetine,Selfemra|Rapiflux|Prozac
a682690,Fluoxymesterone,Halotestin|Android-F
a682172,Fluphenazine,Permitil
a601055,Flurandrenolide Topical,Cordran
a682051,Flurazepam,Dalmane
a687005,Flurbiprofen,Ansaid
a611017,Flurbiprofen Ophthalmic,Ocufen
a697045,Flutamide,Eulexin
a695002,Fluticasone Nasal Spray,Flonase|Flonase
a601056,Fluticasone Oral Inhalation,Flovent|Armonair
a601057,Fluticasone Topical,Cutivate
a699063,Fluticasone and Salmeterol Oral Inhalation,AirDuo|Advair
a613037,Fluticasone and Vilanterol Oral Inhalation,Breo Ellipta
a618017,"Fluticasone, Umeclidinium, and Vilanterol Oral Inhalation",Trelegy Ellipta
a694010,Fluvastatin,Lescol
a695004,Fluvoxamine,Luvox
a682591,Folic Acid,Folicet
a612026,Fondaparinux Injection,Arixtra|Fondaparin sodium
a602023,Formoterol Oral Inhalation,Foradil
a604012,Fosamprenavir,Lexiva
a601144,Foscarnet Injection,Foscavir
a697008,Fosfomycin,Monurol
a692020,Fosinopril,Monopril
a619063,Fosphenytoin Injection,Cerebyx
a618025,Fostamatinib,Tavalisse
a620046,Fostemsavir,Rukobia
a618053,Fremanezumab-vfrm Injection,Ajovy
a604013,Frovatriptan,Frova
a607031,Fulvestrant Injection,Faslodex
a682858,Furosemide,Lasix
a616046,Furosemide Injection,Lasix
a694007,Gabapentin,Neurontin|Gralise
a699058,Galantamine,Razadyne
a618063,Galcanezumab-gnlm Injection,Emgality
a605011,Ganciclovir,Cytovene|GCV Sodium|Nordexoyguanosine
a689014,Ganciclovir Injection,Nordeoxyguanosine|Cytovene|GCV Sodium
a620012,Ganciclovir Ophthalmic,Zirgan
a605012,Gatifloxacin Ophthalmic,Zymar
a607002,Gefitinib,Iressa
a696019,Gemcitabine Injection,Gemzar
a686002,Gemfibrozil,Lopid
a604014,Gemifloxacin,Factive
a618005,Gemtuzumab Ozogamicin Injection,Mylotarg
a682275,Gentamicin Injection,Garamycin
a682669,Gentamicin Ophthalmic,Gentacidin|Garamycin|Ocu-Mycin|Gentak
a619033,Gentamicin Topical,Garamycin
a619003,Gilteritinib,Xospata
a619004,Glasdegib,Daurismo
a603016,Glatiramer Injection,Copaxone|copolymer-1
a617039,Glecaprevir and Pibrentasvir,Mavyret
a696016,Glimepiride,Amaryl
a684060,Glipizide,Glucotrol
a682480,Glucagon Injection,GlucaGen
a619052,Glucagon Nasal Powder,Baqsimi
a613009,Glucarpidase,Voraxaze
a684058,Glyburide,DiaBeta|Micronase
a699055,Glyburide and Metformin,
a602014,Glycopyrrolate,Robinul|Cuvposa
a618016,Glycopyrrolate Oral Inhalation,Bevespi Aerosphere|Lonhala Magnair
a618046,Glycopyrronium Topical,Qbrexza
a610010,Golimumab Injection,Simponi
a601002,Goserelin Implant,Decapeptide I|Zoladex
a601211,Granisetron,Kytril
a694011,Granisetron Injection,Sustol
a609015,Granisetron Transdermal Patch,Sancuso
a682295,Griseofulvin,Grisactin|Grifulvin V|Fulvicin P/G
a682494,Guaifenesin,Robitussin|Mucus Relief|Siltussin SA|Tussin Original|Equaline Tussin|Vicks|Good Neighbor Pharmacy Tussin|Diabetic Tussin Expectorant|Leader Mucus Relief|Sunmark Tussin|Bronchoril|ORGAN-I NR|Kids-EEZE|SelectHealth Tussin DM|Mucinex|Childrens Mucinex|Cough Out|Little Remedies Little Colds Mucus Relief Expectorant Melt Aways|Tussin Chest|Q-Tussin|Guiatuss|Adult Tussin|Topcare Tussin
a686003,Guanabenz,Wytensin
a601059,Guanfacine,Intuniv
a617036,Guselkumab Injection,Tremfya
a607015,Haemophilus influenzae type b (Hib) Vaccine,Liquid Pedvax HIB|ActHIB
a682272,Halcinonide Topical,Halog
a601060,Halobetasol Topical,"Lexette|Duobrii (as a combination product containing Halobetasol, Tazarotene)"
a682180,Haloperidol,Haldol
a615023,Haloperidol Injection,Haldol
a682826,Heparin Injection,Lipo-Hepin|Panheparin
a695003,Hepatitis A Vaccine,Havrix
a607014,Hepatitis B Vaccine,PREHEVBRIO|Engerix-B
a601146,Histrelin Implant,Supprelin LA
a682611,Human Insulin Injection,Humulin R|Humulin 70/30|Novolin 70/30|Novolin R|Humulin R U-500
a615028,Human Papillomavirus (HPV) Vaccine ,Gardasil-9|HPV
a610014,Human Papillomavirus (HPV) Vaccine (Cervarix),Cervarix|HPV
a682246,Hydralazine,Apresoline
a682571,Hydrochlorothiazide,Zide|Microzide|Esidrix
a614045,Hydrocodone,Hysingla
a601006,Hydrocodone Combination Products,
a682206,Hydrocortisone,Cortef|Hydrocortone|Cortisol
a682871,Hydrocortisone Injection, A-Hydrocort
a617001,Hydrocortisone Rectal,Preparation H Anti-Itch|Cortifoam|Anusol HC
a682793,Hydrocortisone Topical,Neosporin|Anusol HC|Stie-Cort|Locoid|Cortizone 10|Dermasorb|Ala-Cort|Pandel|Texacort
a682013,Hydromorphone,Dilaudid|dihydromorphinone
a601148,Hydromorphone Injection,Dilaudid|dihydromorphinone
a613035,Hydromorphone Rectal,available generically|dihydromorphinone
a601240,Hydroxychloroquine,Plaquenil
a682004,Hydroxyurea,Hydroxycarbamide|Siklos|Droxia
a682866,Hydroxyzine,Orgatrax|Atarax
a684010,Hyoscyamine,Hyosyne|Hyomax|Oscimin|ED-Spaz
a618020,Ibalizumab-uiyk Injection,Trogarzo
a605035,Ibandronate,Boniva
a607032,Ibandronate Injection,Boniva
a621039,Ibrexafungerp,Brexafemme
a609012,Ibritumomab Injection,Zevalin
a614007,Ibrutinib,Imbruvica
a682159,Ibuprofen,Profen IB|Addaprin|Motrin|Midol|Cedaprin|Ultraprin
a613024,Icosapent Ethyl,Vascepa
a691004,Idarubicin,Idamycin
a621024,Idecabtagene Vicleucel Injection,Abecma
a614040,Idelalisib,Zydelig
a601062,Idoxuridine Ophthalmic,Stoxil|Dendrid
a695023,Ifosfamide Injection,Ifex|Isophosphamide
a609026,Iloperidone,Fanapt
a612032,Iloprost,Ventavis|Ciloprost
a606018,Imatinib,Gleevec
a686013,Imipenem and Cilastatin Injection,
a619046,"Imipenem, Cilastatin, and Relebactam Injection",Recarbrio
a682389,Imipramine,Tofranil
a698010,Imiquimod Topical,Aldara
a622009,Inclisiran injection,Leqvio
a611008,IncobotulinumtoxinA Injection,BoNT-A|Botulinum Toxin Type A|Xeomin
a612014,Indacaterol Oral Inhalation,Arcapta
a684062,Indapamide,Lozol
a696028,Indinavir,Crixivan|IDV
a681027,Indomethacin,Indocin
a621040,Indomethacin Rectal,Indocin
a621041,Infigratinib,Truseltiq
a604023,Infliximab Injection,Avsola|Anti-tumor Necrosis Factor-alpha|cA2|Remicade
a607017,"Influenza Vaccine, Inactivated or Recombinant",Fluzone|Afluria|Flu Vaccine|Flucelvax|Fluarix
a607018,"Influenza Vaccine, Live Intranasal",FluMist
a613008,Ingenol Mebutate Topical,Picato
a617041,Inotuzumab Ozogamicin Injection,Besponsa
a605013,Insulin Aspart (rDNA Origin) Injection,NovoLog|Fiasp
a615055,Insulin Degludec (rDNA Origin) Injection,Tresiba|Xultophy
a606012,Insulin Detemir (rDNA Origin) Injection,Levemir
a600027,Insulin Glargine (rDNA origin) Injection,Basaglar|Semglee|Soliqua
a607033,Insulin Glulisine (rDNA origin) Injection,Apidra
a615014,Insulin Human Inhalation,Afrezza
a697021,Insulin Lispro Injection,Admelog|Humalog|Lyumjev
a690006,Interferon Alfa-2b Injection,Intron A
a693040,Interferon Beta-1a Intramuscular Injection,Avonex
a604005,Interferon Beta-1a Subcutaneous Injection,Rebif
a601151,Interferon Beta-1b Injection,Betaseron
a601152,Interferon Gamma-1b Injection,Actimmune
a611023,Ipilimumab Injection,Yervoy
a618013,Ipratropium Nasal Spray,Atrovent Nasal Spray
a695021,Ipratropium Oral Inhalation,Atrovent
a698009,Irbesartan,Avapro
a608043,Irinotecan Injection,CPT-11|Camptosar
a616010,Irinotecan Lipid Complex Injection,Onivyde
a614033,Iron Dextran Injection,Infed|Iron-Dextran Complex
a614017,Iron Sucrose Injection,Venofer|Iron Saccharate
a682778,Iron Supplements,PureFe Plus|Ferra-TD|Feosol
a620023,Isatuximab-irfc Injection,Sarclisa
a615031,Isavuconazonium,Cresemba
a615030,Isavuconazonium Injection,Cresemba
a605036,Isocarboxazid,Marplan
a682862,Isoetharine Oral Inhalation,Beta-2
a682401,Isoniazid,Tubizid|Hyzyd|Rimifon|Laniazid
a682348,Isosorbide,Monoket|Isoditrate|Ismo|Dilatrate
a681043,Isotretinoin,Absorica|Zenatane|Myorisan|Amnesteem
a682831,Isoxsuprine,Vasodilan
a693048,Isradipine,DynaCirc
a619053,Istradefylline,Nourianz
a692049,Itraconazole,Onmel
a615027,Ivabradine,Corlanor
a612012,Ivacaftor,Kalydeco
a607069,Ivermectin,Stromectol
a613011,Ivermectin Topical,Sklice
a618042,Ivosidenib,Tibsovo
a608042,Ixabepilone Injection,Ixempra
a616008,Ixazomib,Ninlaro
a616025,Ixekizumab Injection,Taltz
a607019,Japanese Encephalitis Vaccine,Ixiaro
a682816,Ketoconazole,Nizoral
a605014,Ketoconazole Topical,Extina|Nizoral AD|Nizoral
a686014,Ketoprofen,Actron|Orudis|Oruvail
a693001,Ketorolac,Toradol
a614011,Ketorolac Injection,Toradol
a611042,Ketorolac Nasal Spray,Sprix
a601241,Ketorolac Ophthalmic,Acular
a604033,Ketotifen Ophthalmic,Alaway
a617035,L-glutamine,Endari
a685034,Labetalol,Normodyne
a609028,Lacosamide,Vimpat
a609029,Lacosamide Injection,Vimpat
a620047,"Lactic Acid, Citric Acid, and Potassium Bitartrate Vaginal Contraceptive",Phexxi
a682338,Lactulose,Heptalac|Laxilose|Cholac|Evalose|Constulose
a696011,Lamivudine,Epivir
a618039,Lamivudine and Tenofovir,Cimduo|3TC and TDF
a601066,Lamivudine and Zidovudine,Combivir|3TC and azidothymidine|3TC and ZDV
a695007,Lamotrigine,Lamictal|Lamictal
a615007,Lanreotide Injection,Somatuline Depot
a695020,Lansoprazole,Prevacid|Prevacid
a601067,"Lansoprazole, Clarithromycin, and Amoxicillin",Prevpac
a605015,Lanthanum,Fosrenol
a607055,Lapatinib,Tykerb
a619006,Larotrectinib,VitrakviI
a620015,Lasmiditan,Reyvow
a697003,Latanoprost Ophthalmic,Xalatan
a618001,Latanoprostene Bunod Ophthalmic,Vyzulta
a614051,Ledipasvir and Sofosbuvir,Harvoni
a619059,Lefamulin,Xenleta
a619060,Lefamulin Injection,Xenleta
a600032,Leflunomide,Arava
a620039,Lemborexant,Dayvigo
a608001,Lenalidomide,Revlimid
a615015,Lenvatinib,Lenvima
a616015,Lesinurad,Zurampic
a618006,Letermovir,Prevymis
a618007,Letermovir Injection,Prevymis
a698004,Letrozole,Femara
a682336,Leucovorin,5-formyl tetrahydrofolate|Wellcovorin|citrovorum factor
a608038,Leucovorin Injection,citrovorum factor|5-formyl tetrahydrofolate|Wellcovorin
a685040,Leuprolide Injection,Lupron|Eligard|Lupron Depot-PED|Leuprorelin Acetate
a603025,Levalbuterol Oral Inhalation,Xopenex|(R)-Salbutamol
a699059,Levetiracetam,Elepsia|Keppra
a622013,Levetiracetam Injection,Keppra
a686011,Levobunolol Ophthalmic,AKBeta
a607056,Levocetirizine,Xyzal
a619018,Levodopa Oral Inhalation,Inbrija
a601068,Levodopa and Carbidopa,Rytary|Duopa
a697040,Levofloxacin,Levaquin
a601154,Levofloxacin Injection,Levaquin
a608044,Levoleucovorin Injection,Fusilev
a613048,Levomilnacipran,Fetzima
a610021,Levonorgestrel,Opcicon|Fallback Solo
a613047,Levonorgestrel Intrauterine System,Mirena|Kyleena|hormonal IUD
a682020,Levorphanol,Levo-Dromoran
a682461,Levothyroxine,Tirosint|Levothroid|Levoxyl
a603026,Lidocaine Transdermal Patch,Ztlido|Lidoderm|Absorbine Jr|Dermalid
a682701,Lidocaine Viscous,Xylocaine
a616039,Lifitegrast Ophthalmic,Xiidra
a613007,Linaclotide,Linzess
a611036,Linagliptin,Tradjenta
a682651,Lindane,Scabene|Gamene
a602004,Linezolid,Zyvox
a612002,Linezolid Injection,Zyvox
a682462,Liothyronine,Cytomel|L-Triiodothyronine
a608021,Liotrix,T|Thyrolar
a611003,Liraglutide Injection,Xultophy|Saxenda
a607047,Lisdexamfetamine,Vyvanse
a692051,Lisinopril,Prinivil|Zestril
a601070,Lisinopril and Hydrochlorothiazide,Prinzide
a621017,Lisocabtagene Maraleucel Injection,Breyanzi
a681039,Lithium,Eskalith|Lithobid
a607025,Live Shingles (Zoster) Vaccine (ZVL),Zostavax
a617005,Lixisenatide Injection,Adlyxin
a694014,Lodoxamide Ophthalmic,Alomide
a618036,Lofexidine,Lucemyra
a614008,Lomitapide,Juxtapid
a682207,Lomustine,Gleostine|CCNU
a621031,Loncastuximab Tesirine-lpyl Injection,Zynlonta
a682280,Loperamide,Imotil|Maalox|Imodium|Kao-Paverin
a602015,Lopinavir and Ritonavir,
a697038,Loratadine,Claritin|Agistam|Dimetapp|Wal-itin
a682053,Lorazepam,Ativan
a613014,Lorcaserin,Belviq
a619005,Lorlatinib,Lorbrena
a695008,Losartan,Cozaar
a619025,Loteprednol Ophthalmic,Lotemax|Alrex|Inveltys
a688006,Lovastatin,Altocor|Mevacor
a682311,Loxapine,Oxilapine|Loxitane
a607034,Lubiprostone,Amitiza
a614020,Luliconazole Topical,Luzu
a615037,Lumacaftor and Ivacaftor,Orkambi
a620014,Lumateperone,Caplyta
a611016,Lurasidone,Latuda
a620049,Lurbinectedin Injection,Zepzelca
a620043,Luspatercept-aamt Injection,Reblozyl
a618043,Lusutrombopag,Mulpleta
a601176,"MMR Vaccine (Measles, Mumps, and Rubella)",
a615033,Macitentan,Opsumit
a619019,Magnesium Citrate,Gadavyt|Citroma
a601072,Magnesium Gluconate,Almora|Magonate
a601073,Magnesium Hydroxide,ConRX|Almacone|Milk of Magnesia
a601074,Magnesium Oxide,Uro-Mag|Mag-Ox
a619013,"Magnesium Sulfate, Potassium Sulfate, and Sodium Sulfate",Colprep|Sutab
a611010,Malathion Topical,Ovide
a682158,Maprotiline,Ludiomil
a621056,Maralixibat,Livmarli
a607076,Maraviroc,Selzentry
a621004,Margetuximab-cmkb Injection,Margenza
a682315,Mebendazole,Emverm
a682223,Mechlorethamine,Mustargen|Nitrogen Mustard
a614009,Mechlorethamine Topical,Valchlor|Nitrogen mustard
a682548,Meclizine,Dramamine|Zentrip|Antivert
a682287,Meclofenamate,Meclodium
a682470,Medroxyprogesterone,Provera|Amen|Cycrin
a604039,Medroxyprogesterone Injection,Depo-Provera
a681028,Mefenamic Acid,Ponstel
a603030,Mefloquine,Lariam
a682003,Megestrol,Megace
a601242,Meloxicam,Mobic
a620024,Meloxicam Injection,Anjeso
a682220,Melphalan,Alkeran|Phenylalanine mustard
a621032,Melphalan Flufenamide Injection,Phenylalanine mustard|Pepaxto
a612019,Melphalan Injection,Alkeran|Phenylalanine mustard
a604006,Memantine,Namenda|Namenda XR
a607020,Meningococcal ACWY Vaccines (MenACWY),Menveo|Menactra
a682117,Meperidine,Demerol|Isonipecaine
a601155,Meperidine Injection,Demerol
a615058,Mepolizumab Injection,Nucala
a682077,Meprobamate,Equanil|Neuramate|Amosene|Meprospan
a682653,Mercaptopurine,6-MP|Purinethol
a696038,Meropenem Injection,Merrem
a617048,Meropenem and Vaborbactam Injection,Vabomere
a688021,Mesalamine,5-ASA|Apriso|Asacol HD|Lialda
a614021,Mesalamine Rectal,5-ASA|Canasa|sfRowasa
a613013,Mesna,Mesnex|Sodium 2-mercaptoethanesulfonate
a695034,Mesna Injection,Mesnex|Sodium 2-mercaptoethanesulfonate
a682306,Mesoridazine,Serentil
a682084,Metaproterenol,Alupent
a682010,Metaxalone,Skelaxin
a696005,Metformin,Fortamet|Glumetza|Trijardy
a682134,Methadone,Diskets|Methadose|Westadone
a615002,Methamphetamine,Desoxyn
a613034,Methazolamide,Neptazane
a682296,Methenamine,Mandelamine|Hiprex
a682464,Methimazole,Tapazole
a682579,Methocarbamol,Robaxin
a682019,Methotrexate,Amethopterin|Rheumatrex
a682018,Methotrexate Injection,Abitrexate|Rasuvo|Mexate|Amethopterin
a619007,Methoxy Polyethylene Glycol-Epoetin Beta Injection,Mircera
a682028,Methsuximide,Celontin
a682569,Methyclothiazide,Aquatensen
a682242,Methyldopa,Aldomet
a601076,Methyldopa and Hydrochlorothiazide,Aldoril
a601077,Methylergonovine,Methergine
a616047,Methylnaltrexone,Relistor
a608052,Methylnaltrexone Injection,Relistor
a682188,Methylphenidate,Methylphenidylacetate hydrochloride|Concerta|Adhansia XR|Quillivant|Jornay PM|Methylin|Ritalin|Metadate
a606014,Methylphenidate Transdermal Patch,Methylphenidylacetate hydrochloride|Daytrana
a682795,Methylprednisolone,Medrol
a601157,Methylprednisolone Injection,A-Methapred|Solu-Medrol
a601078,Metipranolol Ophthalmic,OptiPranolol
a684035,Metoclopramide,Metozolv|Clopra
a601158,Metoclopramide Injection,Reglan
a620064,Metoclopramide Nasal Spray,Gimoti
a682345,Metolazone,Mykrox
a682864,Metoprolol,Lopressor|Toprol
a689011,Metronidazole,Flagyl|Flagyl
a601159,Metronidazole Injection,Flagyl
a682244,Metronidazole Topical,MetroCream|MetroLotion
a617051,Metronidazole Vaginal,MetroGel|Vandazole
a607064,Mexiletine,Mexitil
a618060,Miconazole Buccal,Oravig
a618061,Miconazole Topical,"Lotrimin|Lotrimin|Monistat-Derm|, Vusion|Lotrimin|Desenex"
a601203,Miconazole Vaginal,Monistat|Monistat|Monistat
a609003,Midazolam,Versed
a609014,Midazolam Injection,Versed
a621044,Midazolam Nasal Spray,Nayzilam
a616030,Midodrine,Orvaten
a617033,Midostaurin,Rydapt
a614005,Mifepristone (Korlym),Korlym
a600042,Mifepristone (Mifeprex),RU-486|Mifeprex
a601079,Miglitol,Glyset
a604015,Miglustat,Zavesca
a609016,Milnacipran,Savella
a682101,Minocycline,Ximino|Dynacin|Myrac
a620003,Minocycline Topical,Amzeeq
a682608,Minoxidil,Loniten
a689003,Minoxidil Topical,Rogaine
a613023,Mipomersen Injection,Kynamro
a612038,Mirabegron,Myrbetriq
a697009,Mirtazapine,Remeron
a689009,Misoprostol,Cytotec
a682415,Mitomycin,Mitosol|Mitomycin-C
a620027,Mitomycin Pyelocalyceal,Jelmyto
a608050,Mitotane,Lysodren
a608019,Mitoxantrone Injection,DHAD|Novantrone
a621048,Mobocertinib,Exkivity
a602016,Modafinil,Provigil
a695018,Moexipril,Univasc
a618064,Mogamulizumab-kpkc Injection,Poteligeo
a682238,Molindone,Moban
a602024,Mometasone Nasal Spray,Nasonex
a608035,Mometasone Oral Inhalation,Asmanex
a687014,Mometasone Topical,Elocon
a600014,Montelukast,Singulair
a682133,Morphine,MS Contin|Kadian|Arymo|Roxanol-T
a601161,Morphine Injection,Astramorph|Infumorph
a606006,Morphine Rectal,RMS
a618052,Moxetumomab Pasudotox-tdfk Injection,Lumoxiti
a600002,Moxifloxacin,Avelox
a608030,Moxifloxacin Injection,Avelox
a605016,Moxifloxacin Ophthalmic,Moxeza
a688004,Mupirocin,Centany|Bactroban
a601081,Mycophenolate,CellCept
a607048,Nabilone,Cesamet
a692022,Nabumetone,Relafen
a682666,Nadolol,Corgard
a601082,Nafarelin,Synarel
a685019,Nafcillin Injection,Ethoxynaphthamido Penicillin Sodium|Unipen
a688020,Naftifine Topical,Naftin
a682668,Nalbuphine Injection,Nubain
a617031,Naldemedine,Symproic|Naldemedine Tosylate
a615016,Naloxegol,Movantik
a612022,Naloxone Injection,
a616003,Naloxone Nasal Spray,Kloxxado
a685041,Naltrexone,ReVia
a609007,Naltrexone Injection,Vivitrol
a619020,Naltrexone and Bupropion,Contrave
a681029,Naproxen,Flanax|Naprosyn|Anaprox|Aleve
a601083,Naratriptan,Amerge
a605006,Natalizumab Injection,Tysabri
a699057,Nateglinide,Starlix
a621005,Naxitamab-gqgk Injection,Danyelza
a608029,Nebivolol,Bystolic
a616009,Necitumumab Injection,Portrazza
a601243,Nedocromil Ophthalmic,Alocril
a695005,Nefazodone,Serzone
a607077,Nelarabine Injection,Arranon|Nelzarabine
a697034,Nelfinavir,Viracept
a682274,Neomycin Topical,Myciguent
a618030,"Neomycin, Polymyxin, Bacitracin, and Hydrocortisone Ophthalmic ",Neo-Polycin HC Ointment
a601061,"Neomycin, Polymyxin, Bacitracin, and Hydrocortisone Topical",Cortisporin Cream
a604019,"Neomycin, Polymyxin, and Bacitracin Ophthalmic",
a601098,"Neomycin, Polymyxin, and Bacitracin Topical",
a618031,"Neomycin, Polymyxin, and Hydrocortisone Otic",Cortisporin Otic Solution
a606007,Nepafenac Ophthalmic,Nevanac
a617034,Neratinib,Nerlynx
a618014,Netarsudil Ophthalmic,Rhopressa
a614053,Netupitant and Palonosetron,Akynzeo
a600035,Nevirapine,Viramune
a682518,Niacin, Nicolar|Niacor
a695032,Nicardipine,Cardene
a684056,Nicotine Gum,nicotine polacrilex|Nicorette
a606019,Nicotine Lozenges,Commit
a606020,Nicotine Nasal Spray,Nicotrol
a606021,Nicotine Oral Inhalation,Nicotrol
a601084,Nicotine Transdermal Patch,Nicoderm
a684028,Nifedipine,Adalat|Procardia|Afeditab|Nifeditab
a620061,Nifurtimox,Lampit
a608002,Nilotinib,Tasigna
a697044,Nilutamide,Nilandron
a689010,Nimodipine,Nimotop
a615009,Nintedanib,Ofev
a617007,Niraparib,Zejula
a622005,Nirmatrelvir and Ritonavir,Paxlovid|PF-07321332
a696009,Nisoldipine,Sular
a603017,Nitazoxanide,Alinia
a682291,Nitrofurantoin,Furadantin|Furalan|Macrodantin
a615006,Nitroglycerin Spray,Nitrolingual
a601086,Nitroglycerin Sublingual,Nitrostat
a682346,Nitroglycerin Topical,Nitro-Bid
a601085,Nitroglycerin Transdermal Patch,Minitran
a614056,Nivolumab Injection,Opdivo
a694030,Nizatidine,Axid
a604034,Norethindrone,Aygestin|Norlutin|Norethisterone acetate
a682620,Nortriptyline,Aventyl
a617010,Nusinersen Injection,Spinraza
a682758,Nystatin,Nilstat|Mycostatin
a618065,Nystatin Topical,Mycostatin|Nyamyc|Mykinac|Nilstat|Mycostatin|Barstatin
a601087,Nystatin and Triamcinolone,Mykacet|Mycolog-II
a616033,Obeticholic Acid,Ocaliva
a614012,Obinutuzumab Injection,Gazyva
a617026,Ocrelizumab Injection,Ocrevus
a620051,Octreotide,Mycapssa
a693049,Octreotide Injection,Sandostatin|Bynfezia
a621049,Odevixibat,Bylvay
a610009,Ofatumumab Injection (Chronic Lymphocytic Leukemia),Arzerra
a621050,Ofatumumab Injection (Multiple Sclerosis),Kesimpta
a691005,Ofloxacin,Floxin
a602029,Ofloxacin Ophthalmic,Ocuflox
a607011,Ofloxacin Otic,Floxin
a601213,Olanzapine,Zyprexa
a614016,Olanzapine Injection,Zyprexa
a621051,Olanzapine and Samidorphan,Lybalvi
a614060,Olaparib,Lynparza
a616053,Olaratumab Injection,Lartruvo
a603006,Olmesartan,Benicar
a615019,Olodaterol Oral Inhalation,Striverdi
a615038,Olopatadine Nasal Spray,Patanase
a602025,Olopatadine Ophthalmic,Pataday|Pazeo
a601088,Olsalazine,Dipentum
a613012,Omacetaxine Injection,Synribo
a618066,Omadacycline,Nuzyra
a618067,Omadacycline Injection,Nuzyra
a603031,Omalizumab Injection,Xolair
a614057,"Ombitasvir, Paritaprevir, Ritonavir, and Dasabuvir",
a615036,"Ombitasvir, Paritaprevir, and Ritonavir",Technivie
a607065,Omega-3 Fatty Acids,Epanova|Omtryg
a693050,Omeprazole,"Prilosec|Talicia (as a combination product containing Amoxicillin, Omeprazole, Rifabutin)"
a608013,OnabotulinumtoxinA Injection,Botox|Botulinum Toxin Type A|BoNT-A
a601209,Ondansetron,Zofran|Zuplenz
a606022,Ondansetron Injection,Zofran
a620059,Opicapone,Ongentys
a614042,Oritavancin Injection,Orbactiv
a601244,Orlistat,Alli
a682162,Orphenadrine,Disipal
a699040,Oseltamivir,Tamiflu
a616005,Osimertinib,Tagrisso
a613039,Ospemifene,Osphena
a685020,Oxacillin Injection,Methylphenyl Isoxazolyl Penicillin|Bactocill
a607035,Oxaliplatin Injection,Eloxatin
a604024,Oxandrolone,Oxandrin
a693002,Oxaprozin,Daypro
a682050,Oxazepam,Serax
a601245,Oxcarbazepine,Oxtellar XR
a689004,Oxiconazole,Oxistat
a682141,Oxybutynin,Ditropan
a613027,Oxybutynin Topical,Gelnique
a604016,Oxybutynin Transdermal Patch,Oxytrol
a682132,Oxycodone,Dazidox|Xartemis XR|Oxyfast|Percolone|Xtampza|ETH-Oxydose|Oxecta
a608026,Oxymetazoline Nasal Spray,Nostrilla|Dristan|Zicam|Afrin
a617018,Oxymetazoline Topical,Rhofade
a610022,Oxymorphone,Opana
a682685,Oxytocin Injection,Pitocin
a620029,Ozanimod,Zeposia
a618010,Ozenoxacin,Xepi
a619008,Paclitaxel (with albumin) Injection,Abraxane
a607070,Paclitaxel (with polyoxyethylated castor oil) Injection,Taxol
a615013,Palbociclib,Ibrance
a605017,Palifermin,Kepivance
a607005,Paliperidone,Invega
a615032,Paliperidone Injection,Invega Hafyera|Invega Trinza
a698034,Palivizumab Injection,Synagis
a610002,Palonosetron Injection,Aloxi
a601163,Pamidronate Injection,Aredia|ADP Sodium
a604035,Pancrelipase,Creon|Viokace|Lipancreatin|Pertzye
a607066,Panitumumab Injection,Vectibix
a615020,Panobinostat,Farydak
a601246,Pantoprazole,Protonix
a619034,Pantoprazole Injection,Protonix I.V.
a682707,Papaverine,Pavacot
a617013,Parathyroid Hormone Injection,Natpara
a601090,Paregoric,Camphorated Tincture of Opium
a698032,Paroxetine,Paxil|Brisdelle
a616012,Patiromer,Veltassa
a610013,Pazopanib,Votrient
a607057,Pegaptanib Injection,Macugen
a695031,Pegaspargase Injection,Oncaspar|PEG-L-asparaginase
a621045,Pegcetacoplan Injection,Empaveli
a607058,Pegfilgrastim Injection,Udenyca|Fulphila
a605029,Peginterferon Alfa-2a Injection,Pegasys
a605030,Peginterferon Alfa-2b (PEG-Intron),PEG-Intron
a612025,Peginterferon Alfa-2b Injection (Sylatron),Sylatron
a614059,Peginterferon Beta-1a Injection,Plegridy
a611015,Pegloticase Injection,Krystexxa
a618057,Pegvaliase-pqpz Injection,Palynziq
a614048,Pembrolizumab Injection,Keytruda
a607043,Pemetrexed Injection,Alimta
a620028,Pemigatinib,Pemazyre
a601091,Penbutolol,Levatol
a697027,Penciclovir Cream,Denavir
a618021,Penicillamine,Cupramine
a685013,"Penicillin G (Potassium, Sodium) Injection",Benzylpenicillin Potassium or Sodium|Pfizerpen
a615051,Penicillin G Benzathine Injection,Benzylpenicillin Benzathine|Benzathine Benzylpenicillin|Bicillin L-A
a615053,Penicillin G Benzathine and Penicillin G Procaine Injection,Bicillin CR
a615052,Penicillin G Procaine Injection,Procaine Penicillin G|APPG|Duracillin A-S
a685015,Penicillin V Potassium,Ledercillin VK|Beepen-VK|V-Cillin K|Penapar-VK
a685029,Pentamidine Injection,Pentacarinat
a601208,Pentamidine Oral Inhalation,NebuPent
a601092,Pentazocine,Talwin
a602007,Pentosan Polysulfate,Elmiron
a692004,Pentostatin Injection,2'-Deoxycoformycin|Nipent
a685027,Pentoxifylline,Pentoxil
a614062,Peramivir Injection,Rapivab
a614006,Perampanel,Fycompa
a602017,Perindopril,Aceon
a698037,Permethrin Topical,Elimite
a682165,Perphenazine,Trilafon
a612027,Pertuzumab Injection,Perjeta
a620048,"Pertuzumab, Trastuzumab, and Hyaluronidase-zzxf Injection",Phesgo
a619050,Pexidartinib,Turalio
a682231,Phenazopyridine,Uricalm|Prodium|Azo-Standard|Uropyrine|Pyridium|Nefrecil|Urogesic
a682089,Phenelzine,Nardil
a682007,Phenobarbital,
a682059,Phenoxybenzamine,Dibenzyline
a682187,Phentermine,Adipex-P
a612037,Phentermine and Topiramate,
a606008,Phenylephrine,PediaCare Children's Decongestant|Children's Sudafed PE Nasal Decongestant|Suphedrin PE
a616049,Phenylephrine Nasal Spray,Little Noses
a682022,Phenytoin,Dilantin
a619062,Phenytoin Injection,Dilantin
a682659,Phytonadione,Mephyton|Vitamin K1
a608039,Pilocarpine,Salagen
a682874,Pilocarpine Ophthalmic,Carpine
a616032,Pimavanserin,Nuplazid
a603027,Pimecrolimus Topical,Elidel
a686018,Pimozide,Orap
a684032,Pindolol,Visken
a699016,Pioglitazone,Actos
a694003,Piperacillin and Tazobactam Injection,Zosyn
a601096,Pirbuterol Acetate Oral Inhalation,Maxair
a615008,Pirfenidone,Esbriet
a684045,Piroxicam,Feldene
a610018,Pitavastatin,Livalo
a619055,Pitolisant,Wakix
a618037,Plazomicin Injection,Zemdri
a617020,Plecanatide,Trulance
a609018,Plerixafor Injection,Mozobil
a610017,Pneumococcal Conjugate Vaccine (PCV13),Prevnar 13|PCV13
a607022,Pneumococcal Polysaccharide Vaccine,PPV23|Pneumovax
a619039,Polatuzumab vedotin-piiq Injection,Polivy
a601177,Polio Vaccine,IPOL
a603032,Polyethylene Glycol 3350,MiraLax|PEG 3350
a601097,Polyethylene glycol-electrolyte solution (PEG-ES),CoLyte|Suclear|Halflytely|Nulytely
a616013,Polymyxin B and Trimethoprim Ophthalmic,Polytrim
a613030,Pomalidomide,Pomalyst
a613029,Ponatinib,Iclusig
a621025,Ponesimod,Ponvory
a607036,Posaconazole,Noxafil
a616017,Posaconazole Injection,Noxafil
a601099,Potassium,Tri-K|Kaon|Rum-K|Klor-Con|Glu-K|Klor-Con|K|K-Dur|K-Lyte/CL|KCl|Kaon-Cl-10|K-Lor|K|Micro-K|K-Lyte|Klotrix
a611043,Potassium Iodide,KI|Iosat|Thyroshield
a619021,PrabotulinumtoxinA-xvfs Injection,Jeuveau
a610001,Pralatrexate Injection,Folotyn
a620057,Pralsetinib,Gavreto
a697029,Pramipexole,Mirapex
a605031,Pramlintide Injection,Symlin Pen
a682429,Pramoxine,Fleet|PrameGel|Tronolane
a617012,Prasterone Vaginal,Intrarosa
a609027,Prasugrel,Effient
a692025,Pravastatin,Pravachol
a608048,Praziquantel,Biltricide
a682245,Prazosin,Minipress
a615042,Prednisolone,Pediapred|Flo-Pred
a682794,Prednisolone Ophthalmic,Omnipred|Pred Mild|AK-Pred|Inflamase
a601102,Prednisone,Sterapred|Rayos|Prednisone Intensol|Deltasone
a605045,Pregabalin,Lyrica
a619056,Pretomanid,
a607037,Primaquine,Primaryl
a682023,Primidone,Mysoline|Desoxyphenobarbital
a682395,Probenecid,Benemid
a682398,Procainamide,Procapan|Procan
a682094,Procarbazine,Matulane
a682116,Prochlorperazine,Procomp|Compazine
a604017,Progesterone,Prometrium
a621011,Progestin-Only (drospirenone) Oral Contraceptives,Birth-control pills|Slynd
a602008,Progestin-Only (norethindrone) Oral Contraceptives,Birth-control pills|Micronor|Ovrette|POP|Jencycla|Heather|Camila
a682284,Promethazine,Remsed|Phenergan
a698002,Propafenone,Rythmol
a684020,Propantheline,Pro-Banthine
a682607,Propranolol (Cardiovascular),InnoPran|Inderal|Inderal
a615024,Propranolol (Infantile Hemangioma),Hemangeol
a682465,Propylthiouracil,Propycil|PTU
a604025,Protriptyline,Vivactil
a619011,Prucalopride,Motegrity
a682619,Pseudoephedrine,"Children's Sudafed Nasal Decongestant|Superfed|Sudafed Congestion|SudoGest|Afrinol|Silfedrine| Allegra-DÂ® (as a combination product containing Fexofenadine, Pseudoephedrine)|Efidac|Pseudocot"
a601104,Psyllium,Perdiem Fiber|Uni-Laxative|Hydrocil|Maalox Daily Fiber Therapy|Alramucil|Natural Fiber Therapy|Fiberall|Serutan
a682820,Pyrantel,Pin-X|Ascarel
a682402,Pyrazinamide,Zinamide
a601105,Pyrethrin and Piperonyl Butoxide Topical,
a682229,Pyridostigmine,Mestinon|Mestinon
a682587,Pyridoxine,Hexa-betalin|Vitamin B6
a698019,Quetiapine,Seroquel
a692026,Quinapril,Accupril
a682396,Quinidine,Quinora|Duraquin|Cardioquin|Quinatime|Quinaglute
a682322,Quinine,Qualaquin
a603007,Quinupristin and Dalfopristin Injection,Synercid
a699060,Rabeprazole,AcipHex
a607023,Rabies Vaccine,Imovax
a698007,Raloxifene,Evista|Keoxifene
a608004,Raltegravir,Isentress
a605038,Ramelteon,Rozerem
a692027,Ramipril,Altace
a614026,Ramucirumab Injection,Cyramza
a607044,Ranibizumab Injection,Lucentis
a601106,Ranitidine,Zantac|Zantac|Tritec
a601164,Ranitidine Injection,Zantac
a606015,Ranolazine,Ranexa
a606017,Rasagiline,Azilect
a610008,Rasburicase Injection,Elitek
a619014,Ravulizumab-cwvz Injection,Ultomiris
a618023,Recombinant Zoster (Shingles) Vaccine (RZV),Shingrix
a613004,Regorafenib,Stivarga
a621006,Relugolix,Orgovyx
a620033,Remdesivir Injection,GS-5734|Veklury
a600010,Repaglinide,Prandin
a601107,Reserpine,Serpalan
a616023,Reslizumab Injection,Cinqair
a607049,Retapamulin,Altabax
a619009,Revefenacin Oral Inhalation,Yupelri
a605018,Ribavirin,tribavirin|Copegus|Rebetol|Virazole
a617008,Ribociclib,Kisqali
a693009,Rifabutin,Mycobutin
a682403,Rifampin,Rifadin
a619010,Rifamycin,Aemcolo
a616011,Rifapentine,Priftin
a604027,Rifaximin,Xifaxan
a611037,Rilpivirine,Edurant
a696013,Riluzole,Rilutek
a608014,RimabotulinumtoxinB Injection,BoNT-B|Botulinum Toxin Type B|Myobloc
a698029,Rimantadine,Flumadine
a620031,Rimegepant,Nurtec
a615005,Riociguat,Adempas
a620035,Ripretinib,Qinlock
a619035,Risankizumab-rzaa Injection,Skyrizi
a601247,Risedronate,Actonel
a694015,Risperidone,Risperdal|Risperdal
a615012,Risperidone Injection,Risperdal Consta
a696029,Ritonavir,Norvir|RTV
a607038,Rituximab Injection,Truxima|Rituxan
a619047,Rituximab and Hyaluronidase Human Injection,Rituxan Hycela
a611049,Rivaroxaban,Xarelto
a602009,Rivastigmine,Exelon
a607078,Rivastigmine Transdermal Patch,Exelon
a601109,Rizatriptan,Maxalt
a611034,Roflumilast,Daliresp
a615041,Rolapitant,Varubi
a618019,Rolapitant Injection,Varubi
a610005,Romidepsin Injection,Istodax
a609008,Romiplostim Injection,Nplate
a619026,Romosozumab-aqqg Injection,Evenity
a698013,Ropinirole,Requip
a699023,Rosiglitazone,Avandia
a603033,Rosuvastatin,Crestor
a607024,Rotavirus Vaccine,RV1|Rotarix
a607059,Rotigotine Transdermal Patch,Neupro
a617002,Rucaparib,Rubraca
a609001,Rufinamide,Banzel
a612006,Ruxolitinib,Jakafi
a621053,Ruxolitinib Topical,Opzelura
a620034,Sacituzumab govitecan-hziy Injection,Trodelvy
a617025,Safinamide,Xadago
a607072,Salicylic Acid Topical,Salex|Ionil|Trans-Ver-Sal|Noxzema|Akurza|Clearasil|P&S|Dr. Scholl's|DHS Sal|Mediplast|Oxy
a695001,Salmeterol Oral Inhalation,Serevent
a682880,Salsalate,Disalicylic Acid|Disalcid
a608020,Sapropterin,Kuvan
a696001,Saquinavir,Invirase
a618068,Sarecycline,Seysara
a693005,Sargramostim,Granulocyte-Macrophage Colony-Stimulating Factor|Leukine
a617032,Sarilumab Injection,Kevzara
a620065,Satralizumab-mwge Injection,Enspryng
a610003,Saxagliptin,Onglyza
a682509,Scopolamine Transdermal Patch,Transdermal scopolamine|Transderm Scop
a617052,Secnidazole,Solosec
a682386,Secobarbital,quinalbarbitone sodium|Seconal
a615011,Secukinumab Injection,Cosentyx
a697046,Selegiline,Eldepryl
a607003,Selegiline Transdermal Patch,Emsam
a682258,Selenium Sulfide,Selsun|Exsel
a616031,Selexipag,Uptravi
a622007,Selexipag Injection,Uptravi
a619044,Selinexor,Xpovio
a620036,Selpercatinib,Retevmo
a620030,Selumetinib,Koselugo
a619057,Semaglutide,Reybelsus
a618008,Semaglutide Injection,Ozempic
a601112,Senna,Senna X-Prep|Perdiem Overnight Relief|Black Draught|Fletcher's Castoria
a621026,Serdexmethylphenidate and Dexmethylphenidate,Azstarys
a615045,Serogroup B Meningococcal Vaccine (MenB),Bexsero
a608047,Sertaconazole Topical,Ertaczo
a697048,Sertraline,Zoloft
a601248,Sevelamer,Renagel
a699015,Sildenafil,Revatio
a609002,Silodosin,Rapaflo
a614028,Siltuximab Injection,Sylvant
a682598,Silver Sulfadiazine,Thermazene|Silvadene
a614013,Simeprevir,Olysio
a682683,Simethicone,Mylaval|Micon-80|Mytab|Maalox|Gas-X|Flatulex|Colicon|Alka-Seltzer|SonoRx
a692030,Simvastatin,Flolipid
a619027,Siponimod,Mayzent
a611025,Sipuleucel-T Injection,Provenge
a602026,Sirolimus,Rapamune|Rapamycin
a622006,Sirolimus (with albumin) Injection,Fyarro
a606023,Sitagliptin,Januvia
a682001,Sodium Bicarbonate,Alka-Seltzer
a614030,Sodium Ferric Gluconate Injection,Ferrlecit
a605032,Sodium Oxybate,Xyrem|Gamma Hydroxybutyrate Sodium|GHB Sodium
a609019,Sodium Phosphate,"OsmoPrep,"
a614018,Sodium Phosphate Rectal, Fleet Pedia-Lax Enema|Fleet Enema
a613020,"Sodium Picosulfate, Magnesium Oxide, and Anhydrous Citric Acid",Clenpiq
a682108,Sodium Polystyrene Sulfonate,Kionex|Kalexate
a618035,Sodium Zirconium Cyclosilicate,Lokelma
a614014,Sofosbuvir,Sovaldi
a616034,Sofosbuvir and Velpatasvir,Epclusa
a617037,"Sofosbuvir, Velpatasvir, and Voxilaprevir",Vosevi
a605019,Solifenacin,VESIcare
a619040,Solriamfetol,Sunosi
a615034,Sonidegib,Odomzo
a607051,Sorafenib,Nexavar
a693010,Sotalol,Sorine|Betapace
a621036,Sotorasib, Lumakras
a621037,Sotrovimab Injection,
a611012,Spinosad Topical,Natroba
a682627,Spironolactone,Aldactone
a601111,Spironolactone and Hydrochlorothiazide,
a694033,Stavudine,d4T|Zerit
a618069,Stiripentol,Diacomit
a601113,Stool Softeners,Surfak|Diocto|Fleet Sof-Lax|Colace
a684053,Streptozocin,Zanosar
a601004,Strontium-89 Chloride,Metastron
a681049,Sucralfate,Carafate
a698018,Sulconazole Topical,Exelderm
a601114,Sulfacetamide Ophthalmic,Sodium Sulamyd|Bleph-30|AK-Sulf
a682130,Sulfadiazine,Microsulfon
a682204,Sulfasalazine,Azulfidine
a682339,Sulfinpyrazone,Anturane
a681037,Sulindac,Clinoril
a601116,Sumatriptan,Imitrex
a696023,Sumatriptan Injection,Alsuma|Sumavel
a614029,Sumatriptan Nasal,Tosymra|Imitrex
a607052,Sunitinib,Sutent
a614046,Suvorexant,Belsomra
a601117,Tacrolimus,Prograf|Astagraf XL|FK 506
a608037,Tacrolimus Injection,Prograf|FK 506
a602020,Tacrolimus Topical,Protopic
a604008,Tadalafil,Entadfi|Adcirca
a620053,Tafasitamab-cxix Injection,Monjuvi
a618050,Tafenoquine,Arakoda
a612030,Tafluprost Ophthalmic,Zioptan
a619022,Tagraxofusp-erzs Injection,Elzonris
a618070,Talazoparib,Talzenna
a608011,Talc Intrapleural,Sclerosal
a616006,Talimogene Laherparepvec Injection,T-Vec|Imlygic
a682414,Tamoxifen,Nolvadex
a698012,Tamsulosin,Flomax
a610006,Tapentadol,Nucynta
a615004,Tasimelteon,Hetlioz
a614049,Tavaborole Topical,Kerydin
a616052,Tazarotene Topical,Avage|Tazorac
a620018,Tazemetostat,Tazverik
a614038,Tedizolid,Sivextro
a614039,Tedizolid Injection,Sivextro
a613019,Teduglutide Injection,Gattex
a604007,Tegaserod,Zelnorm
a611038,Telaprevir,Incivek
a610004,Telavancin Injection,Vibativ
a607045,Telbivudine,Tyzeka
a604026,Telithromycin,Ketek
a601249,Telmisartan,Micardis
a617029,Telotristat,Xermelo
a684003,Temazepam,Restoril
a601250,Temozolomide,Temodar
a613002,Temozolomide Injection,Temodar
a607071,Temsirolimus,Torisel
a692045,Teniposide Injection,Vumon
a602018,Tenofovir,Viread
a621012,Tepotinib,Tepmetko
a620025,Teprotumumab-trbw Injection,Tepezza
a693046,Terazosin,Hytrin
a699061,Terbinafine,Lamisil
a682144,Terbutaline,Brethine
a611026,Terbutaline Injection,Brethine
a688022,"Terconazole Vaginal Cream, Vaginal Suppositories",Terazol
a613010,Teriflunomide,Aubagio
a603018,Teriparatide Injection,Parathar|Bonsity
a611035,Tesamorelin Injection,Egrifta
a619028,Testosterone,testosterone undecanoate|Jatenzo
a603034,Testosterone Buccal,Striant
a614041,Testosterone Injection,testosterone undecanoate|Aveed|Depo-Testosterone|testosterone cypionate|Xyosted
a615025,Testosterone Nasal Gel,Natesto
a605020,Testosterone Topical,Vogelxo|Androgel|Fortesta
a601118,Testosterone Transdermal Patch,Androderm
a607026,"Tetanus, Diphtheria (Td) Vaccine",
a607027,"Tetanus, Diphtheria, Pertussis (Tdap) Vaccine",
a618009,Tetrabenazine,Xenazine
a682098,Tetracycline,Achromycin V
a682563,Tetrahydrozoline Ophthalmic,Optigene|Collyrium Fresh
a618022,Tezacaftor and Ivacaftor,Symdeko
a622010,Tezepelumab Injection,Tezspire
a699032,Thalidomide,Thalomid
a681006,Theophylline,Accurbron|Elixophyllin|Aquaphyllin|Theovent|Theobid|Theoclear|Theolixir|Bronkodyl|Uniphyl|Lanophyllin|Slo-Bid|Theo-24|Somophyllin|Synophylate|Elixicon
a682586,Thiamine (Vitamin B1) ,
a682099,Thioguanine,2-Amino-6-mercaptopurine|6-Thioguanine|Tabloid
a682119,Thioridazine,Mellaril
a682821,Thiotepa Injection,Tepadina
a682867,Thiothixene,Navane
a682475,Thyroid,Armour|thyroid gland|Desiccated thyroid
a698014,Tiagabine,Gabitril
a611050,Ticagrelor,Brilinta
a695036,Ticlopidine,Ticlid
a614002,Tigecycline Injection,Tygacil
a618026,Tildrakizumab-asmn injection,Ilumya
a601120,Tiludronate,Skelid
a684029,Timolol,Blocadren
a682043,Timolol Ophthalmic,Timoptic|Betimol
a604036,Tinidazole,Tindamax
a604018,Tiotropium Oral Inhalation,Spiriva
a606009,Tipranavir,Aptivus
a621013,Tirbanibulin Topical,Klisyri
a617053,Tisagenlecleucel Injection,Kymriah
a621054,Tisotumab vedotin-tftv,Tivdak
a621018,Tivozanib,Fotivda
a621058,Tixagevimab and Cilgavimab,Evusheld
a601121,Tizanidine,Zanaflex
a681003,Tobramycin Injection,Nebcin
a682660,Tobramycin Ophthalmic,AK-Tob
a611004,Tocilizumab Injection,Actemra
a613025,Tofacitinib,Xeljanz
a682482,Tolazamide,Tolinase
a682481,Tolbutamide,Orinase
a698036,Tolcapone,Tasmar
a681033,Tolmetin,Tolectin
a682617,Tolnaftate,Ting|Tinactin|Tinactin|Tinactin|Aftate|Aftate
a699026,Tolterodine,Detrol
a620041,Tolvaptan (kidney disease),Jynarque
a609033,Tolvaptan (low blood sodium),Samsca
a697012,Topiramate,Topamax|Eprontia
a610007,Topotecan,Hycamtin
a697006,Topotecan Injection,Hycamtin
a608003,Toremifene,Fareston
a601212,Torsemide,Demadex
a615059,Trabectedin Injection,Yondelis
a622011,Tralokinumab-ldrm injection,Adbry
a695011,Tramadol,Conzip|Rybix|Ultram
a613040,Trametinib,Mekinist
a697010,Trandolapril,Mavik
a601128,Trandolapril and Verapamil,
a612021,Tranexamic Acid,Lysteda
a682088,Tranylcypromine,Transamine sulphate|Parnate
a699019,Trastuzumab Injection,Herceptin|Ogivri
a619041,Trastuzumab and Hyaluronidase-oysk Injection,Herceptin Hylecta
a602027,Travoprost Ophthalmic,Travatan Z
a681038,Trazodone,Desyrel|Trialodine
a608032,Tretinoin,Vesanoid
a682437,Tretinoin Topical,Refissa|Atralin|Retin-A|Altinac
a601122,Triamcinolone,Aristocort
a682791,Triamcinolone Nasal Spray,Nasacort
a601124,Triamcinolone Topical,Triacort|Aristogel|Triderm|Kenalog|Oralone|Aristocort
a682337,Triamterene,Dyrenium
a601125,Triamterene and Hydrochlorothiazide,
a684004,Triazolam,Halcion
a619048,Triclabendazole,Egaten
a620004,Trifarotene Topical,Aklief
a682121,Trifluoperazine,Stelazine
a615049,Trifluridine and Tipiracil,Lonsurf
a682160,Trihexyphenidyl,Artane
a621020,Trilaciclib Injection,Cosela
a601127,Trimethadione,Tridione
a682693,Trimethobenzamide,Tigan
a684025,Trimethoprim,Primsol|Trimpex
a602010,Trimipramine,Surmontil
a611047,Triptorelin Injection,Trelstar
a604037,Trospium,Sanctura
a620032,Tucatinib,Tukysa
a607028,Typhoid Vaccine,Vivotif
a620016,Ubrogepant,Ubrelvy
a610020,Ulipristal,Ella
a621019,Umbralisib,Ukoniq
a614024,Umeclidinium Oral Inhalation,Incruse Ellipta
a614019,Umeclidinium and Vilanterol Oral Inhalation,
a613036,Unoprostone Ophthalmic,Rescula
a619051,Upadacitinib,Rinvoq
a616020,Uridine Triacetate,Vistogard
a699047,Ursodiol,Urso|Actigall
a611013,Ustekinumab Injection,Stelara
a695010,Valacyclovir,Valtrex
a617023,Valbenazine,Ingrezza
a605021,Valganciclovir,Valcyte
a682412,Valproic Acid,Depakote|Depakene|Divalproex sodium
a611021,Valrubicin Intravesical,Valstar
a697015,Valsartan,Diovan
a611032,Valsartan and Hydrochlorothiazide,
a615039,Valsartan and Sacubitril,Entresto
a604038,Vancomycin,Vancocin
a601167,Vancomycin Injection,
a612007,Vandetanib,Caprelsa
a603035,Vardenafil,Levitra
a606024,Varenicline,Chantix
a621057,Varenicline Nasal Spray,Tyrvaya
a607029,Varicella (Chickenpox) Vaccine,Varivax
a614034,Vedolizumab Injection,Entyvio
a612009,Vemurafenib,Zelboraf
a616028,Venetoclax,Venclexta
a694020,Venlafaxine,Effexor
a684030,Verapamil,Calan|Covera|Verelan
a621014,Vericiguat,Verquvo
a607060,Verteporfin Injection,Visudyne
a621015,Vibegron,Gemtesa
a610016,Vigabatrin,Sabril
a611020,Vilazodone,Viibryd
a621027,Viloxazine,Qelbree
a682848,Vinblastine,Velban|Vincaleukoblastine Sulfate
a682822,Vincristine Injection,Oncovin|Leurocristine Sulfate|VCR|Vincrex
a613021,Vincristine Lipid Complex Injection,Marqibo|VCR|Leurocristine Sulfate
a695013,Vinorelbine Injection,Navelbine|Didehydrodeoxynorvincaleukoblastine
a612010,Vismodegib,Erivedge
a621028,Vitamin A,beta-carotene|Aquasol A|retinyl acetate
a621029,Vitamin E (Alpha-Tocopherol),alpha-tocopherol|Aquasol E
a614044,Vorapaxar,Zontivity
a605022,Voriconazole,Vfend
a607050,Vorinostat,Zolinza
a614003,Vortioxetine,Trintellix
a622012,Vosoritide,Voxzogo
a620011,Voxelotor,Oxbryta
a682277,Warfarin,Coumadin
a607030,Yellow Fever Vaccine,YF-VAX
a697007,Zafirlukast,Accolate
a601251,Zaleplon,Sonata
a699021,Zanamivir Oral Inhalation,Relenza
a620009,Zanubrutinib,Brukinsa
a687007,Zidovudine,AZT|Retrovir
a601168,Zidovudine Injection,AZT|Retrovir
a697013,Zileuton,Zyflo
a699062,Ziprasidone,Geodon
a615047,Ziprasidone Injection,Geodon
a613003,Ziv-aflibercept Injection,Zaltrap
a605023,Zoledronic Acid Injection,Reclast
a601129,Zolmitriptan,Zomig
a605046,Zolmitriptan Nasal Spray,Zomig
a693025,Zolpidem,Edluar|Ambien|Zolpimist
a603008,Zonisamide,Zonegran
