Wikipedia link,Common name,Synonyms
https://en.wikipedia.org/wiki/Aspirin,Aspirin,Bayer Aspirin
https://en.wikipedia.org/wiki/Ampicillin,Ampicillin,Principen
https://en.wikipedia.org/wiki/Amphetamine,Amphetamine,Evekeo|Adderall
https://en.wikipedia.org/wiki/Amoxicillin,Amoxicillin,
https://en.wikipedia.org/wiki/BCG%20vaccine,BCG vaccine,BCG Vaccine|BCG Vaccine AJV
https://en.wikipedia.org/wiki/Ciprofloxacin,Ciprofloxacin,Ciloxan|Cipro|Neofloxin
https://en.wikipedia.org/wiki/Coal%20tar,Coal tar,Balnetar|Cutar
https://en.wikipedia.org/wiki/Cocaine,Cocaine,Neurocaine|&lt;ref&gt;{{cite book | vauthors = Nordegren T |title=The A-Z Encyclopedia of Alcohol and Drug Abuse |date=2002 |publisher=Universal-Publishers |isbn=9781581124040 |page=461 |url=https://books.google.com/books?id=4yaGePenGKgC&amp;pg=PA461 }}&lt;/ref&gt; Goprelto|&lt;ref name=&quot;Goprelto FDA label&quot; /&gt; Numbrino|&lt;ref name=&quot;Numbrino FDA label&quot; /&gt;
https://en.wikipedia.org/wiki/Erythromycin,Erythromycin,Eryc|Erythrocin
https://en.wikipedia.org/wiki/Gamma-Hydroxybutyric%20acid,Gamma-Hydroxybutyric acid,
https://en.wikipedia.org/wiki/Nicotinamide,Nicotinamide,
https://en.wikipedia.org/wiki/Oxycodone,Oxycodone,OxyContin|Endone
https://en.wikipedia.org/wiki/Penicillin,Penicillin,
https://en.wikipedia.org/wiki/Riboflavin,Riboflavin,
https://en.wikipedia.org/wiki/Scopolamine,Scopolamine,Transdermscop|Kwells
https://en.wikipedia.org/wiki/Thiamine,Thiamine,
https://en.wikipedia.org/wiki/Vitamin%20C,Vitamin C,Ascor|Cevalin
https://en.wikipedia.org/wiki/Niacin,Niacin,Niacor|Niaspan
https://en.wikipedia.org/wiki/Botulinum%20toxin,Botulinum toxin,Botox|Myobloc|Jeuveau
https://en.wikipedia.org/wiki/Clozapine,Clozapine,Clozaril|Leponex|Versacloz
https://en.wikipedia.org/wiki/Phenytoin,Phenytoin,Dilantin
https://en.wikipedia.org/wiki/Vitamin%20A,Vitamin A,
https://en.wikipedia.org/wiki/Retinol,Retinol,
https://en.wikipedia.org/wiki/Folate,Folate,Folicet|Folvite
https://en.wikipedia.org/wiki/Valproate,Valproate,
https://en.wikipedia.org/wiki/Valproate,Valproate,Depakote
https://en.wikipedia.org/wiki/Tetrahydrocannabinol,Tetrahydrocannabinol,Marinol|Syndros
https://en.wikipedia.org/wiki/Smallpox%20vaccine,Smallpox vaccine,ACAM2000|Imvanex|Jynneos
https://en.wikipedia.org/wiki/Smallpox%20vaccine,Smallpox vaccine,Imvanex|Imvamune|Jynneos
https://en.wikipedia.org/wiki/Glutamine,Glutamine,Endari|Nutrestore
https://en.wikipedia.org/wiki/MMR%20vaccine,MMR vaccine,M-M-R II|Priorix|Tresivac
https://en.wikipedia.org/wiki/Paracetamol,Paracetamol,Tylenol|Panadol
https://en.wikipedia.org/wiki/Naloxone,Naloxone,Narcan|Evzio|Nyxoid
https://en.wikipedia.org/wiki/Chlorpromazine,Chlorpromazine,Largactil|Thorazine|Sonazine
https://en.wikipedia.org/wiki/Sertraline,Sertraline,Zoloft|Lustral
https://en.wikipedia.org/wiki/Ciclosporin,Ciclosporin,Neoral|Sandimmune|Restasis|other
https://en.wikipedia.org/wiki/Tacrolimus,Tacrolimus,Prograf|Advagraf|Protopic
https://en.wikipedia.org/wiki/Methaqualone,Methaqualone,Bon-Sonnil|Dormogen|Dormutil|Mequin|Mozambin|Pro Dorm|Quaalude|Somnotropon|Torinal|Tuazolona&lt;br/&gt;
https://en.wikipedia.org/wiki/Mefloquine,Mefloquine,Lariam|Mephaquin|Mefliam
https://en.wikipedia.org/wiki/Polio%20vaccine,Polio vaccine,Ipol|Poliovax
https://en.wikipedia.org/wiki/Escitalopram,Escitalopram,Cipralex|Lexapro
https://en.wikipedia.org/wiki/Streptomycin,Streptomycin,
https://en.wikipedia.org/wiki/Whole%20blood,Whole blood,
https://en.wikipedia.org/wiki/Warfarin,Warfarin,Coumadin
https://en.wikipedia.org/wiki/Heparin,Heparin,
https://en.wikipedia.org/wiki/Tramadol,Tramadol,Ultram|Zytram|Qdolo
https://en.wikipedia.org/wiki/Metformin,Metformin,Fortamet|Glucophage|Glumetza
https://en.wikipedia.org/wiki/Ertapenem,Ertapenem,Invanz
https://en.wikipedia.org/wiki/Theophylline/ephedra/hydroxyzine,Theophylline/ephedra/hydroxyzine,Marax
https://en.wikipedia.org/wiki/Benzphetamine,Benzphetamine,Didrex|Recede
https://en.wikipedia.org/wiki/Melatonin,Melatonin,Circadin|Slenyto
https://en.wikipedia.org/wiki/Topiramate,Topiramate,Topamax|Trokendi XR|Qudexy XR
https://en.wikipedia.org/wiki/Loperamide,Loperamide,Imodium
https://en.wikipedia.org/wiki/Lidocaine,Lidocaine,Xylocaine|Ztlido
https://en.wikipedia.org/wiki/Human%20chorionic%20gonadotropin,Human chorionic gonadotropin,Novarel|Pregnyl
https://en.wikipedia.org/wiki/Infliximab,Infliximab,Remicade|Remsima|Inflectra
https://en.wikipedia.org/wiki/Isoflurane,Isoflurane,Forane
https://en.wikipedia.org/wiki/Dexamethasone,Dexamethasone,Dextenza|Ozurdex|Cortidex|Neofordex
https://en.wikipedia.org/wiki/Lamotrigine,Lamotrigine,Lamictal
https://en.wikipedia.org/wiki/Zolpidem,Zolpidem,Ambien
https://en.wikipedia.org/wiki/Acetylcysteine,Acetylcysteine,Acetadote|Fluimucil|Mucomyst
https://en.wikipedia.org/wiki/Dexbrompheniramine/pseudoephedrine,Dexbrompheniramine/pseudoephedrine,Drixoral
https://en.wikipedia.org/wiki/Bupropion,Bupropion,Wellbutrin|Zyban
https://en.wikipedia.org/wiki/Interferon%20beta-1a,Interferon beta-1a,Avonex|Rebif|Plegridy
https://en.wikipedia.org/wiki/Tadalafil,Tadalafil,Cialis|Cidala|Adcirca
https://en.wikipedia.org/wiki/Antivenom,Antivenom,
https://en.wikipedia.org/wiki/Orlistat,Orlistat,Xenical|Alli
https://en.wikipedia.org/wiki/Sodium%20nitrite,Sodium nitrite,
https://en.wikipedia.org/wiki/Olestra,Olestra,Olean
https://en.wikipedia.org/wiki/Loratadine,Loratadine,Claritin|Claratyne|Clarityn
https://en.wikipedia.org/wiki/Linezolid,Linezolid,Zyvox|Zyvoxid
https://en.wikipedia.org/wiki/2C-B,2C-B,
https://en.wikipedia.org/wiki/Minoxidil,Minoxidil,Rogaine|Loniten
https://en.wikipedia.org/wiki/Salbutamol,Salbutamol,Ventolin|Proventil|ProAir
https://en.wikipedia.org/wiki/Alpha-1%20antitrypsin,Alpha-1 antitrypsin,Aralast|Zemaira|Glassia
https://en.wikipedia.org/wiki/Cholecalciferol,Cholecalciferol,
https://en.wikipedia.org/wiki/Ergocalciferol,Ergocalciferol,Drisdol|Calcidol
https://en.wikipedia.org/wiki/Dextroamphetamine,Dextroamphetamine,Dexedrine|DextroStat|Metamina|Attentin|Zenzedi|ProCentra|Amfexa|Tentin
https://en.wikipedia.org/wiki/Tincture%20of%20iodine,Tincture of iodine,
https://en.wikipedia.org/wiki/Furosemide,Furosemide,Lasix
https://en.wikipedia.org/wiki/Gabapentin,Gabapentin,Neurontin
https://en.wikipedia.org/wiki/Omeprazole,Omeprazole,Losec|Prilosec|Zegerid
https://en.wikipedia.org/wiki/Propofol,Propofol,Diprivan
https://en.wikipedia.org/wiki/Naproxen,Naproxen,Aleve|Naprosyn
https://en.wikipedia.org/wiki/Oxygen%20therapy,Oxygen therapy,
https://en.wikipedia.org/wiki/Venlafaxine,Venlafaxine,Effexor|Efexor
https://en.wikipedia.org/wiki/Verapamil,Verapamil,Isoptin|Calan
https://en.wikipedia.org/wiki/Sirolimus,Sirolimus,Rapamune|Fyarro
https://en.wikipedia.org/wiki/Everolimus,Everolimus,Afinitor|Zortress
https://en.wikipedia.org/wiki/Mycophenolic%20acid,Mycophenolic acid,CellCept|Myfortic
https://en.wikipedia.org/wiki/Basiliximab,Basiliximab,Simulect
https://en.wikipedia.org/wiki/Daclizumab,Daclizumab,Zinbryta (multiple sclerosis)&lt;br/&gt;Zenapax (acute transplant rejection|discontinued in 2009)
https://en.wikipedia.org/wiki/Levofloxacin,Levofloxacin,Levaquin|Tavanic|Leflox|Levobact|Iquix
https://en.wikipedia.org/wiki/Aminolevulinic%20acid,Aminolevulinic acid,Levulan|NatuALA|Ameluz
https://en.wikipedia.org/wiki/Hydrochlorothiazide,Hydrochlorothiazide,Apo-hydro
https://en.wikipedia.org/wiki/Imatinib,Imatinib,Gleevec|Glivec
https://en.wikipedia.org/wiki/Filgrastim,Filgrastim,Neupogen|Zarxio|Granix|Fraven
https://en.wikipedia.org/wiki/Triazolam,Triazolam,Halcion
https://en.wikipedia.org/wiki/Low-molecular-weight%20heparin,Low-molecular-weight heparin,
https://en.wikipedia.org/wiki/Clopidogrel,Clopidogrel,Plavix|Iscover
https://en.wikipedia.org/wiki/Troglitazone,Troglitazone,Rezulin|Resulin|Romozin|Noscal
https://en.wikipedia.org/wiki/Tyramine,Tyramine,
https://en.wikipedia.org/wiki/Trastuzumab,Trastuzumab,Herceptin|Herzuma|Ogivri
https://en.wikipedia.org/wiki/Pilocarpine,Pilocarpine,Isopto Carpine|Salagen
https://en.wikipedia.org/wiki/Prednisolone,Prednisolone,Orapred|PediaPred|Millipred
https://en.wikipedia.org/wiki/Atorvastatin,Atorvastatin,Lipitor|Sortis
https://en.wikipedia.org/wiki/Clindamycin,Clindamycin,Cleocin|Clinacin|Dalacin
https://en.wikipedia.org/wiki/Rosuvastatin,Rosuvastatin,Crestor|Rosulip|Zuvamor
https://en.wikipedia.org/wiki/Pravastatin,Pravastatin,Pravachol|Selektine
https://en.wikipedia.org/wiki/Lovastatin,Lovastatin,Mevacor|Altocor
https://en.wikipedia.org/wiki/Tretinoin,Tretinoin,Vesanoid|Avita|Renova|Retin-a
https://en.wikipedia.org/wiki/Amlodipine,Amlodipine,Norvasc
https://en.wikipedia.org/wiki/Midazolam,Midazolam,Dormicum|Hypnovel|Versed
https://en.wikipedia.org/wiki/Lidocaine/prilocaine,Lidocaine/prilocaine,Emla|Fortacin|Senstend
https://en.wikipedia.org/wiki/Celecoxib,Celecoxib,Celebrex|Onsenal|Elyxyb
https://en.wikipedia.org/wiki/Pantoprazole,Pantoprazole,Protonix
https://en.wikipedia.org/wiki/Permethrin,Permethrin,Nix|Rid|Elimite
https://en.wikipedia.org/wiki/Amiodarone,Amiodarone,Cordarone|Nexterone|Pacerone
https://en.wikipedia.org/wiki/Dapsone,Dapsone,Aczone
https://en.wikipedia.org/wiki/Desflurane,Desflurane,Suprane
https://en.wikipedia.org/wiki/Aztreonam,Aztreonam,Azactam|Cayston
https://en.wikipedia.org/wiki/Enalapril,Enalapril,[http://zada.ba/en/proizvod/kadril-en/ Kadril]|Vasotec|Renitec|Enacard
https://en.wikipedia.org/wiki/Roxithromycin,Roxithromycin,Rulide|Biaxsig
https://en.wikipedia.org/wiki/Clonazepam,Clonazepam,Klonopin|Rivotril
https://en.wikipedia.org/wiki/Famotidine,Famotidine,Pepcid
https://en.wikipedia.org/wiki/Donepezil,Donepezil,Aricept
https://en.wikipedia.org/wiki/Etanercept,Etanercept,Enbrel|Benepali|Erelzi
https://en.wikipedia.org/wiki/Suramin,Suramin,Antrypol|309 Fourneau|Bayer 205
https://en.wikipedia.org/wiki/Flecainide,Flecainide,Tambocor
https://en.wikipedia.org/wiki/Ipratropium%20bromide,Ipratropium bromide,Atrovent|Apovent|Ipraxa
https://en.wikipedia.org/wiki/Irbesartan,Irbesartan,Avapro
https://en.wikipedia.org/wiki/Enalaprilat,Enalaprilat,
https://en.wikipedia.org/wiki/Abciximab,Abciximab,Reopro
https://en.wikipedia.org/wiki/Testosterone%20propionate/testosterone%20phenylpropionate/testosterone%20isocaproate/testosterone%20decanoate,Testosterone propionate/testosterone phenylpropionate/testosterone isocaproate/testosterone decanoate,Durandrone Forte|Durateston|Prarbolan|Sustanon 250|Sustanon Prolongatum
https://en.wikipedia.org/wiki/Buprenorphine,Buprenorphine,Subutex|Sixmo
https://en.wikipedia.org/wiki/Ketoconazole,Ketoconazole,Nizoral
https://en.wikipedia.org/wiki/Hydroxycarbamide,Hydroxycarbamide,Droxia|Hydrea|Siklos
https://en.wikipedia.org/wiki/Rabeprazole,Rabeprazole,Aciphex|Pariet|Rafron
https://en.wikipedia.org/wiki/Fluconazole,Fluconazole,
https://en.wikipedia.org/wiki/Metoprolol,Metoprolol,Lopressor|Metolar XR|Toprol XL
https://en.wikipedia.org/wiki/Emtricitabine,Emtricitabine,Emtriva
https://en.wikipedia.org/wiki/Ergoloid,Ergoloid,
https://en.wikipedia.org/wiki/Benzoyl%20peroxide,Benzoyl peroxide,Benzac|Clearasil|PanOxyl
https://en.wikipedia.org/wiki/Tetryzoline,Tetryzoline,
https://en.wikipedia.org/wiki/Deoxycholic%20acid,Deoxycholic acid,Kybella|Belkyra
https://en.wikipedia.org/wiki/DPT%20vaccine,DPT vaccine,Adacel|Boostrix|Revaxis
https://en.wikipedia.org/wiki/Ritonavir,Ritonavir,Norvir
https://en.wikipedia.org/wiki/Oxymorphone,Oxymorphone,Numorphan|Numorphone|Opana
https://en.wikipedia.org/wiki/Colistin,Colistin,Xylistin|Coly-Mycin M|Colobreathe
https://en.wikipedia.org/wiki/Cryoprecipitate,Cryoprecipitate,
https://en.wikipedia.org/wiki/Prostacyclin,Prostacyclin,Flolan|Veletri
https://en.wikipedia.org/wiki/Chlorhexidine,Chlorhexidine,Betasept|ChloraPrep|Chlorostat
https://en.wikipedia.org/wiki/Streptokinase,Streptokinase,
https://en.wikipedia.org/wiki/Rifamycin,Rifamycin,Aemcolo
https://en.wikipedia.org/wiki/Cyclobenzaprine,Cyclobenzaprine,Flexeril|Amrix
https://en.wikipedia.org/wiki/Etiracetam,Etiracetam,
https://en.wikipedia.org/wiki/Cetirizine,Cetirizine,Zyrtec|Incidal
https://en.wikipedia.org/wiki/Oseltamivir,Oseltamivir,Tamiflu
https://en.wikipedia.org/wiki/Nitrous%20oxide%20%28medication%29,Nitrous oxide (medication),Entonox
https://en.wikipedia.org/wiki/Fexofenadine,Fexofenadine,Allegra
https://en.wikipedia.org/wiki/Neuropeptide%20Y,Neuropeptide Y,
https://en.wikipedia.org/wiki/Fenfluramine,Fenfluramine,Fintepla
https://en.wikipedia.org/wiki/Alendronic%20acid,Alendronic acid,Fosamax|Binosto
https://en.wikipedia.org/wiki/Trimethoprim/sulfamethoxazole,Trimethoprim/sulfamethoxazole,Bactrim|Cotrim|Septra
https://en.wikipedia.org/wiki/Bleomycin,Bleomycin,Blenoxane
https://en.wikipedia.org/wiki/Mannitol,Mannitol,Osmitrol|Bronchitol
https://en.wikipedia.org/wiki/Nicotine%20replacement%20therapy,Nicotine replacement therapy,Nicoderm|Commit|Nicorette|Nicotrol
https://en.wikipedia.org/wiki/Imipramine,Imipramine,Tofranil|Tofranil-PM
https://en.wikipedia.org/wiki/Influenza%20vaccine,Influenza vaccine,Afluria|Fluarix|Fluzone
https://en.wikipedia.org/wiki/Tetrahydrobiopterin,Tetrahydrobiopterin,Kuvan|Biopten
https://en.wikipedia.org/wiki/Live%20attenuated%20influenza%20vaccine,Live attenuated influenza vaccine,FluMist Quadrivalent|Fluenz Tetra
https://en.wikipedia.org/wiki/Dimercaprol,Dimercaprol,BAL in Oil
https://en.wikipedia.org/wiki/Zopiclone,Zopiclone,Imovane|Zimovane|Dopareel
https://en.wikipedia.org/wiki/Mesalazine,Mesalazine,Asacol|Lialda|Pentasa
https://en.wikipedia.org/wiki/Natamycin,Natamycin,Natacyn
https://en.wikipedia.org/wiki/Amantadine,Amantadine,Gocovri|Symadine|Symmetrel
https://en.wikipedia.org/wiki/Chlortalidone,Chlortalidone,Hygroton|Thalitone
https://en.wikipedia.org/wiki/MeNZB,MeNZB,
https://en.wikipedia.org/wiki/Terbinafine,Terbinafine,Lamisil
https://en.wikipedia.org/wiki/Ondansetron,Ondansetron,Zofran
https://en.wikipedia.org/wiki/Baclofen,Baclofen,Lioresal|Liofen|Gablofen
https://en.wikipedia.org/wiki/Pyridoxine,Pyridoxine,
https://en.wikipedia.org/wiki/Rasburicase,Rasburicase,Elitek|Fasturtec
https://en.wikipedia.org/wiki/Rituximab,Rituximab,Rituxan|MabThera
https://en.wikipedia.org/wiki/Cannabidiol,Cannabidiol,Epidiolex|Epidyolex
https://en.wikipedia.org/wiki/Triamcinolone,Triamcinolone,Kenalog|Nasacort|Adcortyl
https://en.wikipedia.org/wiki/Omalizumab,Omalizumab,Xolair
https://en.wikipedia.org/wiki/Salmeterol,Salmeterol,Serevent|Aeromax
https://en.wikipedia.org/wiki/Ranitidine,Ranitidine,Zantac|&lt;ref name=&quot;Zantac FDA label&quot;&gt;{{cite web | title=Zantac 150 (ranitidine hydrochloride) Tablets|USP Zantac 300 (ranitidine hydrochloride) Tablets|USP | website=DailyMed | date=28 June 2018 | url=https://dailymed.nlm.nih.gov/dailymed/archives/fdaDrugInfo.cfm?archiveid=379425 | access-date=18 February 2021}}&lt;/ref&gt;
https://en.wikipedia.org/wiki/Lisinopril,Lisinopril,Prinivil|&lt;ref name=&quot;Prinivil FDA Label&quot; /&gt; Zestril|&lt;ref name=&quot;Zestril FDA Label&quot; /&gt; Qbrelis|&lt;ref name=&quot;Qbrelis FDA Label&quot; /&gt; Dapril|&lt;ref name=&quot;DaprilDrugs&quot;&gt;{{cite web |title=Dapril |url=https://www.drugs.com/international/dapril.html |website=publisher=Drugsite Trust |access-date=13 August 2021}}&lt;/ref&gt;
https://en.wikipedia.org/wiki/Budesonide/formoterol,Budesonide/formoterol,Symbicort|DuoResp Spiromax|BiResp Spiromax
https://en.wikipedia.org/wiki/Formoterol,Formoterol,Oxeze|Foradil
https://en.wikipedia.org/wiki/Bicalutamide,Bicalutamide,Casodex|Calutex
https://en.wikipedia.org/wiki/Tamoxifen,Tamoxifen,Nolvadex|Genox|Tamifen
https://en.wikipedia.org/wiki/Nimodipine,Nimodipine,Nimotop|Nymalize
https://en.wikipedia.org/wiki/Urokinase,Urokinase,
https://en.wikipedia.org/wiki/Alteplase,Alteplase,Activase|Actilyse|Cathflo Activase
https://en.wikipedia.org/wiki/Atosiban,Atosiban,Tractocile|Antocin
https://en.wikipedia.org/wiki/Iron%28II%2CIII%29%20oxide,"Iron(II,III) oxide",Feraheme|Rienso
https://en.wikipedia.org/wiki/Leuprorelin,Leuprorelin,Lupron|Eligard|Lucrin
https://en.wikipedia.org/wiki/Saline%20%28medicine%29,Saline (medicine),
https://en.wikipedia.org/wiki/Butalbital/acetaminophen,Butalbital/acetaminophen,Allzital|Butapap|Fioricet
https://en.wikipedia.org/wiki/Ursodeoxycholic%20acid,Ursodeoxycholic acid,Actigall|Urso
https://en.wikipedia.org/wiki/Cefixime,Cefixime,Suprax
https://en.wikipedia.org/wiki/Lactitol,Lactitol,Importal|Pizensy|Lacty
https://en.wikipedia.org/wiki/Tuberculin,Tuberculin,Aplisol|Mantoux|PPD
https://en.wikipedia.org/wiki/Artesunate,Artesunate,
https://en.wikipedia.org/wiki/Octreotide,Octreotide,Sandostatin|Bynfezia Pen|Mycapssa
https://en.wikipedia.org/wiki/Montelukast,Montelukast,Singulair
https://en.wikipedia.org/wiki/Contraceptive%20patch,Contraceptive patch,Ortho Evra|Xulane|Evra
https://en.wikipedia.org/wiki/Contraceptive%20patch,Contraceptive patch,Twirla
https://en.wikipedia.org/wiki/Lansoprazole,Lansoprazole,Prevacid
https://en.wikipedia.org/wiki/Glucose/fructose/phosphoric%20acid,Glucose/fructose/phosphoric acid,Emetrol
https://en.wikipedia.org/wiki/Fingolimod,Fingolimod,Gilenya
https://en.wikipedia.org/wiki/C1-inhibitor,C1-inhibitor,Cinryze|Ruconest|Berinert
https://en.wikipedia.org/wiki/Betamethasone,Betamethasone,Celestone|Eleuphrat
https://en.wikipedia.org/wiki/Bevacizumab,Bevacizumab,Avastin|Zirabev|Mvasi
https://en.wikipedia.org/wiki/Lugol%27s%20iodine,Lugol's iodine,
https://en.wikipedia.org/wiki/Oxazepam,Oxazepam,Serax|Alepam|Generics
https://en.wikipedia.org/wiki/Pancreatic%20enzymes%20%28medication%29,Pancreatic enzymes (medication),Creon|Pancreaze|Pancrex|...''more''
https://en.wikipedia.org/wiki/Chloroquine,Chloroquine,Aralen|other
https://en.wikipedia.org/wiki/Meloxicam,Meloxicam,Mobic|Metacam|Muvera|Anjeso
https://en.wikipedia.org/wiki/Cetuximab,Cetuximab,Erbitux
https://en.wikipedia.org/wiki/Levothyroxine,Levothyroxine,Synthroid|Levoxyl|Thyrax
https://en.wikipedia.org/wiki/Coricidin,Coricidin,Coricidin 'D'
https://en.wikipedia.org/wiki/Glycopyrronium%20bromide,Glycopyrronium bromide,
https://en.wikipedia.org/wiki/Olopatadine,Olopatadine,Patanol|Opatanol|Allelock
https://en.wikipedia.org/wiki/Entecavir,Entecavir,Baraclude
https://en.wikipedia.org/wiki/Pentosan%20polysulfate,Pentosan polysulfate,
https://en.wikipedia.org/wiki/Insulin%20glargine,Insulin glargine,Lantus|Toujeo|Abasaglar
https://en.wikipedia.org/wiki/Dimercaptosuccinic%20acid,Dimercaptosuccinic acid,Chemet
https://en.wikipedia.org/wiki/Daptomycin,Daptomycin,Cubicin|Cubicin RF
https://en.wikipedia.org/wiki/Pneumococcal%20polysaccharide%20vaccine,Pneumococcal polysaccharide vaccine,Pneumovax 23
https://en.wikipedia.org/wiki/Benzonatate,Benzonatate,Tessalon|Zonatuss
https://en.wikipedia.org/wiki/Doxorubicin,Doxorubicin,Adriamycin|Caelyx|Myocet
https://en.wikipedia.org/wiki/Methylprednisolone,Methylprednisolone,Medrol|Depo-Medrol (as acetate)|Solu-Medrol (as succinate)
https://en.wikipedia.org/wiki/Adalimumab,Adalimumab,Humira|Mabura|Exemptia
https://en.wikipedia.org/wiki/Anakinra,Anakinra,Kineret
https://en.wikipedia.org/wiki/Protamine%20sulfate,Protamine sulfate,Prosulf
https://en.wikipedia.org/wiki/Granulocyte-macrophage%20colony-stimulating%20factor,Granulocyte-macrophage colony-stimulating factor,
https://en.wikipedia.org/wiki/Cinacalcet,Cinacalcet,Sensipar|Mimpara
https://en.wikipedia.org/wiki/Cefuroxime%20axetil,Cefuroxime axetil,Zinnat|Ceftin|Ceftum
https://en.wikipedia.org/wiki/Hexachlorophene,Hexachlorophene,pHisoHex|Gamophen|Septisol|Turgex|Germa-Medica|Hexachlorophane|Almederm
https://en.wikipedia.org/wiki/Nicorette,Nicorette,Nicorette
https://en.wikipedia.org/wiki/Enoxolone,Enoxolone,Arthrodont|PruClair
https://en.wikipedia.org/wiki/Natalizumab,Natalizumab,Tysabri|Antegren
https://en.wikipedia.org/wiki/Bupivacaine,Bupivacaine,Marcaine|Sensorcaine|Posimir
https://en.wikipedia.org/wiki/Ringer%27s%20lactate%20solution,Ringer's lactate solution,
https://en.wikipedia.org/wiki/Fluoride%20therapy,Fluoride therapy,OrthoWash|PerioMed
https://en.wikipedia.org/wiki/Fluticasone%20propionate,Fluticasone propionate,Flovent|Flixotide|Flonase
https://en.wikipedia.org/wiki/Arsenic%20trioxide,Arsenic trioxide,Trisenox
https://en.wikipedia.org/wiki/Methocarbamol,Methocarbamol,Robaxin|Marbaxin
https://en.wikipedia.org/wiki/Policosanol,Policosanol,
https://en.wikipedia.org/wiki/Primidone,Primidone,Lepsiral|Mysoline|Resimatil
https://en.wikipedia.org/wiki/Viloxazine,Viloxazine,Qelbree|Vivalan|Emovit
https://en.wikipedia.org/wiki/Diclofenac/misoprostol,Diclofenac/misoprostol,Arthrotec
https://en.wikipedia.org/wiki/Hyoscine%20butylbromide,Hyoscine butylbromide,Buscopan
https://en.wikipedia.org/wiki/4-Aminopyridine,4-Aminopyridine,Ampyra|Fampyra
https://en.wikipedia.org/wiki/Clobazam,Clobazam,Frisium|Urbanol|Onfi
https://en.wikipedia.org/wiki/Methoxsalen,Methoxsalen,Oxsoralen|Uvadex|8-mop
https://en.wikipedia.org/wiki/Pregabalin,Pregabalin,Lyrica
https://en.wikipedia.org/wiki/Iodine%20%28125I%29%20human%20albumin,Iodine (125I) human albumin,Jeanatope
https://en.wikipedia.org/wiki/Betamethasone%20dipropionate,Betamethasone dipropionate,Diprolene|Sernivo|Diprosone
https://en.wikipedia.org/wiki/Prednisolone%20sodium%20phosphate,Prednisolone sodium phosphate,
https://en.wikipedia.org/wiki/Isosorbide,Isosorbide,Ismotic|Isobide
https://en.wikipedia.org/wiki/Prazosin,Prazosin,Minipress|Vasoflex|Lentopres
https://en.wikipedia.org/wiki/Clofarabine,Clofarabine,Clolar|Evoltra
https://en.wikipedia.org/wiki/Midodrine,Midodrine,Amatine|Proamatine|Gutron
https://en.wikipedia.org/wiki/Trandolapril/verapamil,Trandolapril/verapamil,Tarka
https://en.wikipedia.org/wiki/Hydroxychloroquine,Hydroxychloroquine,Plaquenil
https://en.wikipedia.org/wiki/Selenium%20disulfide,Selenium disulfide,Selseb|Selsun Blue
https://en.wikipedia.org/wiki/Piperacillin,Piperacillin,Pipracil
https://en.wikipedia.org/wiki/Saquinavir,Saquinavir,Invirase|Fortovase
https://en.wikipedia.org/wiki/Bacitracin/polymyxin%20B,Bacitracin/polymyxin B,Polysporin
https://en.wikipedia.org/wiki/Enoxaparin%20sodium,Enoxaparin sodium,Lovenox|Clexane|Xaparin
https://en.wikipedia.org/wiki/Valsartan,Valsartan,Diovan
https://en.wikipedia.org/wiki/Valganciclovir,Valganciclovir,Valcyte|Valcip
https://en.wikipedia.org/wiki/Timolol,Timolol,Betimol|Istalol
https://en.wikipedia.org/wiki/Desogestrel,Desogestrel,Cerazette|Lovima|Hana
https://en.wikipedia.org/wiki/Drospirenone,Drospirenone,''Alone'': Slynd&lt;br /&gt;''With estradiol'': Angeliq&lt;br /&gt;''With [[ethinylestradiol'': Yasmin|Yasminelle|Yaz
https://en.wikipedia.org/wiki/Stiripentol,Stiripentol,Diacomit
https://en.wikipedia.org/wiki/Dornase%20alfa,Dornase alfa,Pulmozyme
https://en.wikipedia.org/wiki/Tobramycin,Tobramycin,Tobrex|Tobi
https://en.wikipedia.org/wiki/Deferoxamine,Deferoxamine,Desferal
https://en.wikipedia.org/wiki/Fomepizole,Fomepizole,Antizol
https://en.wikipedia.org/wiki/Soybean%20oil,Soybean oil,Nutrilipid|Intralipid
https://en.wikipedia.org/wiki/Peginterferon%20alfa-2a,Peginterferon alfa-2a,Pegasys
https://en.wikipedia.org/wiki/Methylone,Methylone,
https://en.wikipedia.org/wiki/Argatroban,Argatroban,
https://en.wikipedia.org/wiki/Interferon%20gamma,Interferon gamma,Actimmune
https://en.wikipedia.org/wiki/Amisulpride,Amisulpride,Solian|Barhemsys
https://en.wikipedia.org/wiki/Ethambutol,Ethambutol,Myambutol|Etibi|&lt;ref name=Ric2015&gt;{{cite book| vauthors = Hamilton R |title=Tarascon Pocket Pharmacopoeia |edition= Deluxe Lab-Coat |year= 2015|publisher=Jones &amp; Bartlett Learning|isbn=9781284057560|page=48}}&lt;/ref&gt; Servambutol
https://en.wikipedia.org/wiki/4-Aminosalicylic%20acid,4-Aminosalicylic acid,Paser|Granupas
https://en.wikipedia.org/wiki/Ibritumomab%20tiuxetan,Ibritumomab tiuxetan,Zevalin
https://en.wikipedia.org/wiki/Selenous%20acid,Selenous acid,
https://en.wikipedia.org/wiki/Interferon%20beta-1b,Interferon beta-1b,Betaseron|Actoferon|Extavia
https://en.wikipedia.org/wiki/Tizanidine,Tizanidine,Zanaflex|Sirdalud
https://en.wikipedia.org/wiki/Fresh%20frozen%20plasma,Fresh frozen plasma,| tradename 		=
https://en.wikipedia.org/wiki/Alemtuzumab,Alemtuzumab,Campath|Mabcampath|Lemtrada
https://en.wikipedia.org/wiki/Bosentan,Bosentan,Tracleer|Stayveer
https://en.wikipedia.org/wiki/Gemtuzumab%20ozogamicin,Gemtuzumab ozogamicin,Mylotarg
https://en.wikipedia.org/wiki/Mitomycin%20C,Mitomycin C,Mitosol|Mutamycin|Jelmyto
https://en.wikipedia.org/wiki/Triethylenetetramine,Triethylenetetramine,Syprine|Cuprior|Cufence
https://en.wikipedia.org/wiki/NPH%20insulin,NPH insulin,Novolin N|Humulin N|Insulatard
https://en.wikipedia.org/wiki/Diatrizoate,Diatrizoate,Hypaque|Gastrografin|Iothalmate|Urografin
https://en.wikipedia.org/wiki/Amikacin,Amikacin,Amikin|Amiglyde-V|Arikayce
https://en.wikipedia.org/wiki/Ethinylestradiol/norethisterone%20acetate,Ethinylestradiol/norethisterone acetate,Estrostep|Loestrin|Microgestin
https://en.wikipedia.org/wiki/Phytomenadione,Phytomenadione,Mephyton
https://en.wikipedia.org/wiki/Ampicillin/sulbactam,Ampicillin/sulbactam,Unasyn
https://en.wikipedia.org/wiki/Flucloxacillin,Flucloxacillin,Floxapen
https://en.wikipedia.org/wiki/Caffeine/ergotamine,Caffeine/ergotamine,Cafergot
https://en.wikipedia.org/wiki/Fenofibrate,Fenofibrate,Fenoglide|Lipofen
https://en.wikipedia.org/wiki/Tolcapone,Tolcapone,Tasmar
https://en.wikipedia.org/wiki/Polyestradiol%20phosphate,Polyestradiol phosphate,Estradurin|Estradurine
https://en.wikipedia.org/wiki/Clofazimine,Clofazimine,Lamprene
https://en.wikipedia.org/wiki/Benzyl%20benzoate,Benzyl benzoate,Ascabin|Ascabiol|Ascarbin|Tenutex
https://en.wikipedia.org/wiki/Rho%28D%29%20immune%20globulin,Rho(D) immune globulin,WinRho|RhoGAM
https://en.wikipedia.org/wiki/Palifermin,Palifermin,
https://en.wikipedia.org/wiki/Atenolol/chlorthalidone,Atenolol/chlorthalidone,Tenoretic|Tenoret
https://en.wikipedia.org/wiki/Sodium%20oxybate,Sodium oxybate,Xyrem|Alcover|Somsanit
https://en.wikipedia.org/wiki/Pyrimethamine,Pyrimethamine,Daraprim
https://en.wikipedia.org/wiki/Abacavir/lamivudine/zidovudine,Abacavir/lamivudine/zidovudine,Trizivir
https://en.wikipedia.org/wiki/Lisinopril/hydrochlorothiazide,Lisinopril/hydrochlorothiazide,Zestoretic|Prinzide
https://en.wikipedia.org/wiki/Azlocillin,Azlocillin,
https://en.wikipedia.org/wiki/Cysteamine,Cysteamine,Cystagon|Procysbi|Cystaran
https://en.wikipedia.org/wiki/Repaglinide,Repaglinide,Prandin|NovoNorm|Enyglid
https://en.wikipedia.org/wiki/Esterified%20estrogens/methyltestosterone,Esterified estrogens/methyltestosterone,Covaryx|Essian|Estratest|Menogen|Syntest
https://en.wikipedia.org/wiki/Hand%20sanitizer,Hand sanitizer,
https://en.wikipedia.org/wiki/Crotalidae%20polyvalent%20immune%20fab,Crotalidae polyvalent immune fab,CroFab
https://en.wikipedia.org/wiki/Phenytoin/pentobarbital,Phenytoin/pentobarbital,Beuthanasia-D Special
https://en.wikipedia.org/wiki/Prostaglandin%20E2,Prostaglandin E2,Prostin E2|Cervidil|Propess
https://en.wikipedia.org/wiki/Emtricitabine/tenofovir,Emtricitabine/tenofovir,Truvada|Tenvir-EM|other
https://en.wikipedia.org/wiki/Lipiodol,Lipiodol,Lipiodol
https://en.wikipedia.org/wiki/Ciprofloxacin/dexamethasone,Ciprofloxacin/dexamethasone,Ciprodex
https://en.wikipedia.org/wiki/Thiotepa,Thiotepa,Tepadina
https://en.wikipedia.org/wiki/Alglucerase,Alglucerase,
https://en.wikipedia.org/wiki/Imiglucerase,Imiglucerase,Cerezyme
https://en.wikipedia.org/wiki/Rifapentine,Rifapentine,Priftin
https://en.wikipedia.org/wiki/Dalteparin%20sodium,Dalteparin sodium,Fragmin
https://en.wikipedia.org/wiki/Amfepramone,Amfepramone,Tenuate|Tepanil
https://en.wikipedia.org/wiki/Caffeine%20citrate,Caffeine citrate,Cafcit|Gencebok|Cafnea
https://en.wikipedia.org/wiki/Deferasirox,Deferasirox,Exjade|Jadenu
https://en.wikipedia.org/wiki/714-X,714-X,
https://en.wikipedia.org/wiki/Danaparoid,Danaparoid,Orgaran
https://en.wikipedia.org/wiki/FCE%2028260,FCE 28260,
https://en.wikipedia.org/wiki/Chloral%20hydrate/magnesium%20sulfate/pentobarbital,Chloral hydrate/magnesium sulfate/pentobarbital,Equithesin
https://en.wikipedia.org/wiki/Sodium%20phenylbutyrate,Sodium phenylbutyrate,Buphenyl|Pheburane|Ammonaps
https://en.wikipedia.org/wiki/Carglumic%20acid,Carglumic acid,Carbaglu|Ucedane
https://en.wikipedia.org/wiki/Platelet%20transfusion,Platelet transfusion,
https://en.wikipedia.org/wiki/Benzalkonium%20chloride/lidocaine,Benzalkonium chloride/lidocaine,Bactine
https://en.wikipedia.org/wiki/Propyphenazone/paracetamol/caffeine,Propyphenazone/paracetamol/caffeine,Saridon
https://en.wikipedia.org/wiki/MMRV%20vaccine,MMRV vaccine,ProQuad|Priorix Tetra
https://en.wikipedia.org/wiki/Iron%20supplement,Iron supplement,Feosol|Feostat|Feratab
https://en.wikipedia.org/wiki/Epinastine,Epinastine,Alesion|Elestat|Purivist|Relestat
https://en.wikipedia.org/wiki/Econazole,Econazole,Spectazole|Ecostatin
https://en.wikipedia.org/wiki/Tropicamide,Tropicamide,Mydriacyl
https://en.wikipedia.org/wiki/Vanoxerine,Vanoxerine,
https://en.wikipedia.org/wiki/Reteplase,Reteplase,Retavase|Retefuse|Rapilysin|Mirel
https://en.wikipedia.org/wiki/Papaveretum,Papaveretum,Omnopon
https://en.wikipedia.org/wiki/Varenicline,Varenicline,Champix|Chantix|Tyrvaya
https://en.wikipedia.org/wiki/Sacrosidase,Sacrosidase,Sucraid
https://en.wikipedia.org/wiki/Certoparin%20sodium,Certoparin sodium,Sandoparin|Embolex
https://en.wikipedia.org/wiki/Azelastine,Azelastine,Astelin|Optivar|Allergodil
https://en.wikipedia.org/wiki/Ivabradine,Ivabradine,Corlanor|Procoralan
https://en.wikipedia.org/wiki/Pneumococcal%20conjugate%20vaccine,Pneumococcal conjugate vaccine,Prevnar 20|Prevnar 13|Synflorix
https://en.wikipedia.org/wiki/Mumps%20vaccine,Mumps vaccine,
https://en.wikipedia.org/wiki/Sargramostim,Sargramostim,Leukine
https://en.wikipedia.org/wiki/Alfaxolone/alfadolone,Alfaxolone/alfadolone,Althesin|Saffan
https://en.wikipedia.org/wiki/Gardasil,Gardasil,Gardasil|Gardisil|Silgard
https://en.wikipedia.org/wiki/Menotropin,Menotropin,Repronex
https://en.wikipedia.org/wiki/Desiccated%20thyroid%20extract,Desiccated thyroid extract,Armour Thyroid|NP Thyroid|Nature-Throid
https://en.wikipedia.org/wiki/Umifenovir,Umifenovir,Arbidol
https://en.wikipedia.org/wiki/Darunavir,Darunavir,Prezista|Prezcobix
https://en.wikipedia.org/wiki/Mometasone,Mometasone,Nasonex|Asmanex|Elocon
https://en.wikipedia.org/wiki/Epoetin%20alfa,Epoetin alfa,Epogen|Retacrit
https://en.wikipedia.org/wiki/Galanin,Galanin,
https://en.wikipedia.org/wiki/Oprelvekin,Oprelvekin,
https://en.wikipedia.org/wiki/Diphtheria%20antitoxin,Diphtheria antitoxin,
https://en.wikipedia.org/wiki/Nadroparin%20calcium,Nadroparin calcium,Fraxiparin(e)|Fraxodi
https://en.wikipedia.org/wiki/Aspirin/meprobamate,Aspirin/meprobamate,Equagesic
https://en.wikipedia.org/wiki/Efavirenz/emtricitabine/tenofovir,Efavirenz/emtricitabine/tenofovir,Atripla|Viraday
https://en.wikipedia.org/wiki/Ancrod,Ancrod,
https://en.wikipedia.org/wiki/Lepirudin,Lepirudin,Refludan
https://en.wikipedia.org/wiki/Fomivirsen,Fomivirsen,
https://en.wikipedia.org/wiki/Mequitazine,Mequitazine,Primalan
https://en.wikipedia.org/wiki/Iduronidase,Iduronidase,Aldurazyme
https://en.wikipedia.org/wiki/Bimatoprost,Bimatoprost,Lumigan|Latisse
https://en.wikipedia.org/wiki/Calcium%20gluconate,Calcium gluconate,
https://en.wikipedia.org/wiki/Defibrotide,Defibrotide,Defitelio
https://en.wikipedia.org/wiki/Alefacept,Alefacept,
https://en.wikipedia.org/wiki/Dabigatran,Dabigatran,Pradaxa|Pradax|Prazaxa
https://en.wikipedia.org/wiki/Ranibizumab,Ranibizumab,Lucentis|Byooviz|Susvimo
https://en.wikipedia.org/wiki/Fibrinolysin,Fibrinolysin,
https://en.wikipedia.org/wiki/Secobarbital/brallobarbital/hydroxyzine,Secobarbital/brallobarbital/hydroxyzine,Vesparax
https://en.wikipedia.org/wiki/Certolizumab%20pegol,Certolizumab pegol,Cimzia
https://en.wikipedia.org/wiki/Suxethonium%20chloride,Suxethonium chloride,
https://en.wikipedia.org/wiki/Carmustine,Carmustine,BiCNU|Gliadel
https://en.wikipedia.org/wiki/Pegaspargase,Pegaspargase,Oncaspar
https://en.wikipedia.org/wiki/Denileukin%20diftitox,Denileukin diftitox,Ontak
https://en.wikipedia.org/wiki/Tositumomab,Tositumomab,Bexxar
https://en.wikipedia.org/wiki/Palivizumab,Palivizumab,Synagis
https://en.wikipedia.org/wiki/Arylsulfatase%20B,Arylsulfatase B,Naglazyme
https://en.wikipedia.org/wiki/Loteprednol,Loteprednol,Lotemax
https://en.wikipedia.org/wiki/Cervarix,Cervarix,Cervarix
https://en.wikipedia.org/wiki/Panipenem/betamipron,Panipenem/betamipron,Carbenin
https://en.wikipedia.org/wiki/Template%3AInfobox%20drug/doc,Template:Infobox drug/doc,
https://en.wikipedia.org/wiki/Template%3AInfobox%20drug/doc,Template:Infobox drug/doc,
https://en.wikipedia.org/wiki/Template%3AInfobox%20drug/doc,Template:Infobox drug/doc,
https://en.wikipedia.org/wiki/Template%3AInfobox%20drug/doc,Template:Infobox drug/doc,
https://en.wikipedia.org/wiki/Template%3AInfobox%20drug/doc,Template:Infobox drug/doc,
https://en.wikipedia.org/wiki/Template%3AInfobox%20drug/doc,Template:Infobox drug/doc,
https://en.wikipedia.org/wiki/Template%3AInfobox%20drug/doc,Template:Infobox drug/doc,
https://en.wikipedia.org/wiki/Prothrombin%20complex%20concentrate,Prothrombin complex concentrate,Beriplex|Octaplex|Kcentra
https://en.wikipedia.org/wiki/Factor%20VIII%20%28medication%29,Factor VIII (medication),Aafact|Kovaltry
https://en.wikipedia.org/wiki/Hepatitis%20A%20and%20B%20vaccine,Hepatitis A and B vaccine,Twinrix|Ambirix|Twinrix paediatric|&lt;ref name=Vesikari2017/&gt; Bilive&lt;ref name=&quot;Zhang2020&quot;/&gt;
https://en.wikipedia.org/wiki/Metirosine,Metirosine,Demser
https://en.wikipedia.org/wiki/Metaraminol,Metaraminol,Aramine|Metaramin|Pressonex
https://en.wikipedia.org/wiki/Chlorproguanil/dapsone/artesunate,Chlorproguanil/dapsone/artesunate,
https://en.wikipedia.org/wiki/Chlorproguanil/dapsone,Chlorproguanil/dapsone,
https://en.wikipedia.org/wiki/Eculizumab,Eculizumab,Soliris|Elizaria
https://en.wikipedia.org/wiki/Halocarban,Halocarban,
https://en.wikipedia.org/wiki/Tiopronin,Tiopronin,Thiola
https://en.wikipedia.org/wiki/5-APDI,5-APDI,
https://en.wikipedia.org/wiki/Panitumumab,Panitumumab,Vectibix
https://en.wikipedia.org/wiki/Belatacept,Belatacept,Nulojix
https://en.wikipedia.org/wiki/Vandetanib,Vandetanib,Caprelsa
https://en.wikipedia.org/wiki/Edrecolomab,Edrecolomab,Panorex
https://en.wikipedia.org/wiki/Benznidazole,Benznidazole,Rochagan|Radanil&lt;ref name=JAMA2007/&gt;
https://en.wikipedia.org/wiki/Trabectedin,Trabectedin,Yondelis
https://en.wikipedia.org/wiki/Pegaptanib,Pegaptanib,Macugen
https://en.wikipedia.org/wiki/Saccharomyces%20boulardii,Saccharomyces boulardii,
https://en.wikipedia.org/wiki/Icodextrin,Icodextrin,
https://en.wikipedia.org/wiki/Apolizumab,Apolizumab,
https://en.wikipedia.org/wiki/Estradiol/norethisterone%20acetate,Estradiol/norethisterone acetate,Activella|Amabelz|CombiPatch
https://en.wikipedia.org/wiki/Varicella%20vaccine,Varicella vaccine,Varivax|Varilrix
https://en.wikipedia.org/wiki/Peginterferon%20alfa-2b,Peginterferon alfa-2b,PegIntron|Sylatron|ViraferonPeg
https://en.wikipedia.org/wiki/Barium%20sulfate%20suspension,Barium sulfate suspension,
https://en.wikipedia.org/wiki/Pneumococcal%20vaccine,Pneumococcal vaccine,
https://en.wikipedia.org/wiki/Bapineuzumab,Bapineuzumab,
https://en.wikipedia.org/wiki/Ecromeximab,Ecromeximab,
https://en.wikipedia.org/wiki/Abagovomab,Abagovomab,
https://en.wikipedia.org/wiki/Nifurtimox,Nifurtimox,Lampit&lt;ref name=Drugs1995/&gt;
https://en.wikipedia.org/wiki/Ustekinumab,Ustekinumab,Stelara
https://en.wikipedia.org/wiki/Pioglitazone/metformin,Pioglitazone/metformin,Actoplus Met|Piomet|Politor
https://en.wikipedia.org/wiki/Tafenoquine,Tafenoquine,Krintafel|Arakoda
https://en.wikipedia.org/wiki/Pertuzumab,Pertuzumab,Perjeta
https://en.wikipedia.org/wiki/Oregovomab,Oregovomab,OvaRex
https://en.wikipedia.org/wiki/Technetium%20%2899mTc%29%20fanolesomab,Technetium (99mTc) fanolesomab,NeutroSpec
https://en.wikipedia.org/wiki/Besilesomab,Besilesomab,Scintimun
https://en.wikipedia.org/wiki/Lemalesomab,Lemalesomab,
https://en.wikipedia.org/wiki/Technetium%20%2899mTc%29%20sulesomab,Technetium (99mTc) sulesomab,
https://en.wikipedia.org/wiki/Denosumab,Denosumab,Prolia|Xgeva
https://en.wikipedia.org/wiki/Gavilimomab,Gavilimomab,
https://en.wikipedia.org/wiki/Afelimomab,Afelimomab,
https://en.wikipedia.org/wiki/Faralimomab,Faralimomab,
https://en.wikipedia.org/wiki/Catumaxomab,Catumaxomab,Removab
https://en.wikipedia.org/wiki/Ertumaxomab,Ertumaxomab,Rexomun
https://en.wikipedia.org/wiki/Adecatumumab,Adecatumumab,
https://en.wikipedia.org/wiki/Indium%20%28111In%29%20altumomab%20pentetate,Indium (111In) altumomab pentetate,
https://en.wikipedia.org/wiki/Anatumomab%20mafenatox,Anatumomab mafenatox,
https://en.wikipedia.org/wiki/Aselizumab,Aselizumab,
https://en.wikipedia.org/wiki/Atorolimumab,Atorolimumab,
https://en.wikipedia.org/wiki/Bavituximab,Bavituximab,
https://en.wikipedia.org/wiki/Bectumomab,Bectumomab,LymphoScan
https://en.wikipedia.org/wiki/Belimumab,Belimumab,Benlysta
https://en.wikipedia.org/wiki/Bertilimumab,Bertilimumab,
https://en.wikipedia.org/wiki/Bivatuzumab%20mertansine,Bivatuzumab mertansine,
https://en.wikipedia.org/wiki/Bivatuzumab,Bivatuzumab,
https://en.wikipedia.org/wiki/Cantuzumab%20mertansine,Cantuzumab mertansine,
https://en.wikipedia.org/wiki/Cedelizumab,Cedelizumab,
https://en.wikipedia.org/wiki/Ipilimumab,Ipilimumab,Yervoy
https://en.wikipedia.org/wiki/Lerdelimumab,Lerdelimumab,
https://en.wikipedia.org/wiki/Metelimumab,Metelimumab,
https://en.wikipedia.org/wiki/Zanolimumab,Zanolimumab,
https://en.wikipedia.org/wiki/Zolimomab%20aritox,Zolimomab aritox,
https://en.wikipedia.org/wiki/Elsilimomab,Elsilimomab,
https://en.wikipedia.org/wiki/Inolimomab,Inolimomab,
https://en.wikipedia.org/wiki/Odulimomab,Odulimomab,
https://en.wikipedia.org/wiki/Vepalimomab,Vepalimomab,
https://en.wikipedia.org/wiki/Galiximab,Galiximab,
https://en.wikipedia.org/wiki/Golimumab,Golimumab,Simponi|Simponi Aria
https://en.wikipedia.org/wiki/Maslimomab,Maslimomab,
https://en.wikipedia.org/wiki/Keliximab,Keliximab,
https://en.wikipedia.org/wiki/Lumiliximab,Lumiliximab,
https://en.wikipedia.org/wiki/Teneliximab,Teneliximab,
https://en.wikipedia.org/wiki/Vapaliximab,Vapaliximab,
https://en.wikipedia.org/wiki/Tremelimumab,Tremelimumab,
https://en.wikipedia.org/wiki/Erlizumab,Erlizumab,
https://en.wikipedia.org/wiki/Fontolizumab,Fontolizumab,
https://en.wikipedia.org/wiki/Ocrelizumab,Ocrelizumab,Ocrevus
https://en.wikipedia.org/wiki/Pascolizumab,Pascolizumab,
https://en.wikipedia.org/wiki/Pexelizumab,Pexelizumab,
https://en.wikipedia.org/wiki/Reslizumab,Reslizumab,Cinqair (US)|Cinqaero (EU)
https://en.wikipedia.org/wiki/Rovelizumab,Rovelizumab,LeukArrest
https://en.wikipedia.org/wiki/Ruplizumab,Ruplizumab,Antova
https://en.wikipedia.org/wiki/Siplizumab,Siplizumab,
https://en.wikipedia.org/wiki/Talizumab,Talizumab,
https://en.wikipedia.org/wiki/Tocilizumab,Tocilizumab,Actemra|RoActemra
https://en.wikipedia.org/wiki/Toralizumab,Toralizumab,
https://en.wikipedia.org/wiki/Visilizumab,Visilizumab,
https://en.wikipedia.org/wiki/Pemtumomab,Pemtumomab,Theragyn
https://en.wikipedia.org/wiki/Mepolizumab,Mepolizumab,Nucala
https://en.wikipedia.org/wiki/Deferiprone,Deferiprone,Ferriprox
https://en.wikipedia.org/wiki/Abatacept,Abatacept,Orencia
https://en.wikipedia.org/wiki/Gadodiamide,Gadodiamide,Omniscan
https://en.wikipedia.org/wiki/Exbivirumab,Exbivirumab,
https://en.wikipedia.org/wiki/Libivirumab,Libivirumab,
https://en.wikipedia.org/wiki/Sevirumab,Sevirumab,
https://en.wikipedia.org/wiki/Tuvirumab,Tuvirumab,
https://en.wikipedia.org/wiki/Felvizumab,Felvizumab,
https://en.wikipedia.org/wiki/Motavizumab,Motavizumab,Numax
https://en.wikipedia.org/wiki/Inotuzumab%20ozogamicin,Inotuzumab ozogamicin,Besponsa
https://en.wikipedia.org/wiki/Lintuzumab,Lintuzumab,
https://en.wikipedia.org/wiki/Matuzumab,Matuzumab,
https://en.wikipedia.org/wiki/Nimotuzumab,Nimotuzumab,
https://en.wikipedia.org/wiki/Sibrotuzumab,Sibrotuzumab,
https://en.wikipedia.org/wiki/Yttrium%20%2890Y%29%20tacatuzumab%20tetraxetan,Yttrium (90Y) tacatuzumab tetraxetan,
https://en.wikipedia.org/wiki/Tadocizumab,Tadocizumab,
https://en.wikipedia.org/wiki/Tefibazumab,Tefibazumab,Aurexis
https://en.wikipedia.org/wiki/Tucotuzumab%20celmoleukin,Tucotuzumab celmoleukin,
https://en.wikipedia.org/wiki/Batroxobin,Batroxobin,
https://en.wikipedia.org/wiki/Epratuzumab,Epratuzumab,LymphoCide
https://en.wikipedia.org/wiki/Nerelimomab,Nerelimomab,
https://en.wikipedia.org/wiki/Urtoxazumab,Urtoxazumab,
https://en.wikipedia.org/wiki/Pagibaximab,Pagibaximab,
https://en.wikipedia.org/wiki/Volociximab,Volociximab,
https://en.wikipedia.org/wiki/Lexatumumab,Lexatumumab,
https://en.wikipedia.org/wiki/Mapatumumab,Mapatumumab,
https://en.wikipedia.org/wiki/Ofatumumab,Ofatumumab,Arzerra|Kesimpta
https://en.wikipedia.org/wiki/Pritumumab,Pritumumab,
https://en.wikipedia.org/wiki/Zalutumumab,Zalutumumab,
https://en.wikipedia.org/wiki/Stamulumab,Stamulumab,
https://en.wikipedia.org/wiki/Efungumab,Efungumab,Mycograb
https://en.wikipedia.org/wiki/Raxibacumab,Raxibacumab,
https://en.wikipedia.org/wiki/Labetuzumab,Labetuzumab,
https://en.wikipedia.org/wiki/Indium%20%28111In%29%20capromab%20pendetide,Indium (111In) capromab pendetide,Prostascint
https://en.wikipedia.org/wiki/Detumomab,Detumomab,
https://en.wikipedia.org/wiki/Indium%20%28111In%29%20igovomab,Indium (111In) igovomab,
https://en.wikipedia.org/wiki/Minretumomab,Minretumomab,
https://en.wikipedia.org/wiki/Mitumomab,Mitumomab,
https://en.wikipedia.org/wiki/Nacolomab%20tafenatox,Nacolomab tafenatox,
https://en.wikipedia.org/wiki/Technetium%20%2899mTc%29%20pintumomab,Technetium (99mTc) pintumomab,
https://en.wikipedia.org/wiki/Indium%20%28111In%29%20satumomab%20pendetide,Indium (111In) satumomab pendetide,
https://en.wikipedia.org/wiki/Taplitumomab%20paptox,Taplitumomab paptox,
https://en.wikipedia.org/wiki/Codeine,Codeine,
https://en.wikipedia.org/wiki/Insulin%20glulisine,Insulin glulisine,Apidra|Apidra SoloStar
https://en.wikipedia.org/wiki/Edobacomab,Edobacomab,
https://en.wikipedia.org/wiki/Indium%20%28111In%29%20imciromab,Indium (111In) imciromab,Myoscint
https://en.wikipedia.org/wiki/Technetium%20%2899mTc%29%20nofetumomab%20merpentan,Technetium (99mTc) nofetumomab merpentan,Verluma
https://en.wikipedia.org/wiki/Priliximab,Priliximab,
https://en.wikipedia.org/wiki/Allopregnanolone,Allopregnanolone,Zulresso
https://en.wikipedia.org/wiki/Dextrothyroxine,Dextrothyroxine,Choloxin
https://en.wikipedia.org/wiki/TachoSil,TachoSil,TachoSil
https://en.wikipedia.org/wiki/Fluoxetine,Fluoxetine,Prozac|Sarafem|Adofen
https://en.wikipedia.org/wiki/Malaria%20vaccine,Malaria vaccine,Mosquirix
https://en.wikipedia.org/wiki/Oritavancin,Oritavancin,Orbactiv|Kimyrsa
https://en.wikipedia.org/wiki/Neomycin/polymyxin%20B/hydrocortisone,Neomycin/polymyxin B/hydrocortisone,Otosporin|Cortisporin
https://en.wikipedia.org/wiki/Mestranol/noretynodrel,Mestranol/noretynodrel,Enavid|Enovid
https://en.wikipedia.org/wiki/Packed%20red%20blood%20cells,Packed red blood cells,
https://en.wikipedia.org/wiki/Interferon%20alpha-n3,Interferon alpha-n3,
https://en.wikipedia.org/wiki/Naphthylaminopropane,Naphthylaminopropane,
https://en.wikipedia.org/wiki/Prostaglandin%20E,Prostaglandin E,
https://en.wikipedia.org/wiki/Insulin%20detemir,Insulin detemir,Levemir
https://en.wikipedia.org/wiki/Mecasermin%20rinfabate,Mecasermin rinfabate,Iplex
https://en.wikipedia.org/wiki/Ancestim,Ancestim,
https://en.wikipedia.org/wiki/Bedaquiline,Bedaquiline,| tradename 	        = Sirturo
https://en.wikipedia.org/wiki/Pretomanid,Pretomanid,Dovprela
https://en.wikipedia.org/wiki/Amlodipine/valsartan,Amlodipine/valsartan,Exforge
https://en.wikipedia.org/wiki/Polycarbophil%20calcium,Polycarbophil calcium,
https://en.wikipedia.org/wiki/Naptumomab%20estafenatox,Naptumomab estafenatox,
https://en.wikipedia.org/wiki/Morolimumab,Morolimumab,
https://en.wikipedia.org/wiki/Canakinumab,Canakinumab,Ilaris
https://en.wikipedia.org/wiki/Ibalizumab,Ibalizumab,Trogarzo
https://en.wikipedia.org/wiki/Teplizumab,Teplizumab,
https://en.wikipedia.org/wiki/Gantenerumab,Gantenerumab,
https://en.wikipedia.org/wiki/Abiraterone%20acetate,Abiraterone acetate,Zytiga|Yonsa
https://en.wikipedia.org/wiki/Etaracizumab,Etaracizumab,Abegrin
https://en.wikipedia.org/wiki/Lucatumumab,Lucatumumab,
https://en.wikipedia.org/wiki/Protein-bound%20paclitaxel,Protein-bound paclitaxel,Abraxane
https://en.wikipedia.org/wiki/Miglustat,Miglustat,Zavesca|Brazaves
https://en.wikipedia.org/wiki/Idursulfase,Idursulfase,
https://en.wikipedia.org/wiki/Brivaracetam,Brivaracetam,Briviact|Nubriveo|Brivazen
https://en.wikipedia.org/wiki/Otelixizumab,Otelixizumab,
https://en.wikipedia.org/wiki/Ardeparin%20sodium,Ardeparin sodium,
https://en.wikipedia.org/wiki/Saruplase,Saruplase,
https://en.wikipedia.org/wiki/Brinase,Brinase,
https://en.wikipedia.org/wiki/Dacetuzumab,Dacetuzumab,
https://en.wikipedia.org/wiki/Lebrikizumab,Lebrikizumab,
https://en.wikipedia.org/wiki/Digoxin%20immune%20fab,Digoxin immune fab,Digibind
https://en.wikipedia.org/wiki/Isoxsuprine,Isoxsuprine,Duvadilan|Vasodilan
https://en.wikipedia.org/wiki/Colextran,Colextran,
https://en.wikipedia.org/wiki/Cadexomer%20iodine,Cadexomer iodine,
https://en.wikipedia.org/wiki/Crilanomer,Crilanomer,
https://en.wikipedia.org/wiki/Becaplermin,Becaplermin,Regranex
https://en.wikipedia.org/wiki/Dextranomer,Dextranomer,Debrisan
https://en.wikipedia.org/wiki/Esketamine,Esketamine,Spravato|Ketanest
https://en.wikipedia.org/wiki/Policresulen,Policresulen,
https://en.wikipedia.org/wiki/Euflavine,Euflavine,
https://en.wikipedia.org/wiki/Savlon,Savlon,
https://en.wikipedia.org/wiki/Indalpine,Indalpine,Upst√®ne
https://en.wikipedia.org/wiki/Fish%20oil%20%28medical%20use%29,Fish oil (medical use),Omegaven
https://en.wikipedia.org/wiki/Technetium%20%2899mTc%29%20albumin%20aggregated,Technetium (99mTc) albumin aggregated,Pulmotech MAA
https://en.wikipedia.org/wiki/Dapagliflozin,Dapagliflozin,Forxiga|Farxiga|Edistride
https://en.wikipedia.org/wiki/Bemiparin%20sodium,Bemiparin sodium,Badyket|Ivor|Hibor|Zibor
https://en.wikipedia.org/wiki/Parnaparin%20sodium,Parnaparin sodium,
https://en.wikipedia.org/wiki/Reviparin%20sodium,Reviparin sodium,
https://en.wikipedia.org/wiki/Insulin%20aspart,Insulin aspart,NovoLog|NovoRapid|Fiasp
https://en.wikipedia.org/wiki/Insulin%20lispro,Insulin lispro,Humalog|Liprolog|Admelog
https://en.wikipedia.org/wiki/Hepatitis%20B%20vaccine,Hepatitis B vaccine,Recombivax HB|Engerix-B|Heplisav-B
https://en.wikipedia.org/wiki/Hepatitis%20A%20vaccine,Hepatitis A vaccine,Biovac A|Havrix|Vaqta
https://en.wikipedia.org/wiki/Hib%20vaccine,Hib vaccine,ActHIB|Hiberix|OmniHIB
https://en.wikipedia.org/wiki/Alglucosidase%20alfa,Alglucosidase alfa,Myozyme|Lumizyme
https://en.wikipedia.org/wiki/Zaurategrast,Zaurategrast,
https://en.wikipedia.org/wiki/Lentinan,Lentinan,
https://en.wikipedia.org/wiki/Azatadine/pseudoephedrine,Azatadine/pseudoephedrine,Trinalin
https://en.wikipedia.org/wiki/Gepefrine,Gepefrine,
https://en.wikipedia.org/wiki/Lonafarnib,Lonafarnib,Zokinvy
https://en.wikipedia.org/wiki/Ethulose,Ethulose,
https://en.wikipedia.org/wiki/Senna%20glycoside,Senna glycoside,Ex-Lax|Senokot
https://en.wikipedia.org/wiki/Epoetin%20beta,Epoetin beta,NeoRecormon|Betapoietin
https://en.wikipedia.org/wiki/Artesunate/amodiaquine,Artesunate/amodiaquine,| tradename 	= Camoquin
https://en.wikipedia.org/wiki/Ataluren,Ataluren,Translarna
https://en.wikipedia.org/wiki/Co-amilofruse,Co-amilofruse,
https://en.wikipedia.org/wiki/Fesoterodine,Fesoterodine,Toviaz
https://en.wikipedia.org/wiki/Pitrakinra,Pitrakinra,Aerovant
https://en.wikipedia.org/wiki/Lenograstim,Lenograstim,Euprotin|Granocyte|Lenobio|Neutrogin
https://en.wikipedia.org/wiki/Molgramostim,Molgramostim,
https://en.wikipedia.org/wiki/Polyinosinic%3Apolycytidylic%20acid,Polyinosinic:polycytidylic acid,
https://en.wikipedia.org/wiki/Poly%20ICLC,Poly ICLC,
https://en.wikipedia.org/wiki/Tegafur/uracil,Tegafur/uracil,Uftoral
https://en.wikipedia.org/wiki/Ioflupane%20%28123I%29,Ioflupane (123I),Datscan|Striascan|Celsunax
https://en.wikipedia.org/wiki/Treosulfan,Treosulfan,Trecondi|Ovastat
https://en.wikipedia.org/wiki/Ulinastatin,Ulinastatin,Miraclid
https://en.wikipedia.org/wiki/Eltrombopag,Eltrombopag,Promacta|Revolade
https://en.wikipedia.org/wiki/Cyanocobalamin,Cyanocobalamin,Cobolin-M|&lt;ref name=Over2019/&gt; Depo-Cobolin|&lt;ref name=Over2019/&gt;
https://en.wikipedia.org/wiki/Pegvisomant,Pegvisomant,Somavert
https://en.wikipedia.org/wiki/Molsidomine,Molsidomine,Corvasal|Corvaton|Molsidain|Molsidolat
https://en.wikipedia.org/wiki/Sulfonated%20phenolics/sulfuric%20acid,Sulfonated phenolics/sulfuric acid,Debacterol
https://en.wikipedia.org/wiki/Interferon%20alfa-2b,Interferon alfa-2b,
https://en.wikipedia.org/wiki/Rotavirus%20vaccine,Rotavirus vaccine,Rotarix|RotaTeq
https://en.wikipedia.org/wiki/Dalbavancin,Dalbavancin,Dalvance|Xydalba|Zeven
https://en.wikipedia.org/wiki/Leronlimab,Leronlimab,
https://en.wikipedia.org/wiki/Racecadotril,Racecadotril,Hidrasec|Tiorfan|Zedott
https://en.wikipedia.org/wiki/Albumin%20tannate,Albumin tannate,
https://en.wikipedia.org/wiki/DASB,DASB,
https://en.wikipedia.org/wiki/Pyrantel,Pyrantel,Pin-X|Combantrin
https://en.wikipedia.org/wiki/Omega-3%20acid%20ethyl%20esters,Omega-3 acid ethyl esters,Lovaza|Omtryg
https://en.wikipedia.org/wiki/Eribulin,Eribulin,Halaven
https://en.wikipedia.org/wiki/Methoxy%20polyethylene%20glycol-epoetin%20beta,Methoxy polyethylene glycol-epoetin beta,
https://en.wikipedia.org/wiki/Liraglutide,Liraglutide,Victoza|Saxenda
https://en.wikipedia.org/wiki/Vi%20capsular%20polysaccharide%20vaccine,Vi capsular polysaccharide vaccine,Typherix|Typhim VI
https://en.wikipedia.org/wiki/3F8,3F8,
https://en.wikipedia.org/wiki/Octreotide%20scan,Octreotide scan,Octreoscan
https://en.wikipedia.org/wiki/Rabies%20vaccine,Rabies vaccine,RabAvert|Rabipur|Rabivax
https://en.wikipedia.org/wiki/Rilonacept,Rilonacept,Arcalyst
https://en.wikipedia.org/wiki/Metanx,Metanx,
https://en.wikipedia.org/wiki/Oxytocin/ergometrine,Oxytocin/ergometrine,
https://en.wikipedia.org/wiki/Istradefylline,Istradefylline,Nourianz
https://en.wikipedia.org/wiki/Mecasermin,Mecasermin,Increlex
https://en.wikipedia.org/wiki/Olmesartan/amlodipine,Olmesartan/amlodipine,Azor
https://en.wikipedia.org/wiki/Ukrain,Ukrain,
https://en.wikipedia.org/wiki/Regular%20insulin,Regular insulin,Humulin R|Novolin R|Actrapid
https://en.wikipedia.org/wiki/Isavuconazonium,Isavuconazonium,Cresemba
https://en.wikipedia.org/wiki/Isavuconazonium,Isavuconazonium,Cresemba
https://en.wikipedia.org/wiki/Droxidopa,Droxidopa,Northera
https://en.wikipedia.org/wiki/Triheptanoin,Triheptanoin,Dojolvi
https://en.wikipedia.org/wiki/Laropiprant,Laropiprant,Cordaptive|Tredaptive
https://en.wikipedia.org/wiki/Aflibercept,Aflibercept,Eylea|Zaltrap
https://en.wikipedia.org/wiki/Amfepentorex,Amfepentorex,
https://en.wikipedia.org/wiki/Afamelanotide,Afamelanotide,Scenesse
https://en.wikipedia.org/wiki/Hodgkinsine,Hodgkinsine,
https://en.wikipedia.org/wiki/Brimonidine/timolol,Brimonidine/timolol,Combigan
https://en.wikipedia.org/wiki/Azilsartan,Azilsartan,Edarbi|Azilva
https://en.wikipedia.org/wiki/Enzalutamide,Enzalutamide,Xtandi
https://en.wikipedia.org/wiki/Trimix%20%28drug%29,Trimix (drug),
https://en.wikipedia.org/wiki/Pandemrix,Pandemrix,
https://en.wikipedia.org/wiki/Colestilan,Colestilan,BindRen
https://en.wikipedia.org/wiki/Ramatroban,Ramatroban,Baynas
https://en.wikipedia.org/wiki/Lorcaserin,Lorcaserin,Belviq
https://en.wikipedia.org/wiki/Forodesine,Forodesine,Mundesine and Fodosine
https://en.wikipedia.org/wiki/Ecallantide,Ecallantide,Kalbitor
https://en.wikipedia.org/wiki/Gentamicin/betamethasone%20valerate/clotrimazole,Gentamicin/betamethasone valerate/clotrimazole,Otomax
https://en.wikipedia.org/wiki/Romiplostim,Romiplostim,Nplate|Romiplate
https://en.wikipedia.org/wiki/Oxidized%20cellulose,Oxidized cellulose,
https://en.wikipedia.org/wiki/Somatrem,Somatrem,Protropin
https://en.wikipedia.org/wiki/Abetimus,Abetimus,Riquent
https://en.wikipedia.org/wiki/Elotuzumab,Elotuzumab,Empliciti
https://en.wikipedia.org/wiki/Blinatumomab,Blinatumomab,Blincyto
https://en.wikipedia.org/wiki/Lurasidone,Lurasidone,Latuda
https://en.wikipedia.org/wiki/Docusate,Docusate,Colace|Ex-Lax Stool Softener
https://en.wikipedia.org/wiki/Somatorelin,Somatorelin,GHRH Ferring
https://en.wikipedia.org/wiki/Interferon%20alfa,Interferon alfa,
https://en.wikipedia.org/wiki/Teriflunomide,Teriflunomide,Aubagio
https://en.wikipedia.org/wiki/Roflumilast,Roflumilast,Daxas|Daliresp
https://en.wikipedia.org/wiki/Paliperidone%20palmitate,Paliperidone palmitate,Invega Hayfera|Invega Sustenna|Invega Trinza
https://en.wikipedia.org/wiki/Vitaxin,Vitaxin,Vitaxin
https://en.wikipedia.org/wiki/Clenoliximab,Clenoliximab,
https://en.wikipedia.org/wiki/Regavirumab,Regavirumab,
https://en.wikipedia.org/wiki/Nebacumab,Nebacumab,
https://en.wikipedia.org/wiki/Telimomab%20aritox,Telimomab aritox,
https://en.wikipedia.org/wiki/Technetium%20%2899mTc%29%20votumumab,Technetium (99mTc) votumumab,
https://en.wikipedia.org/wiki/Cixutumumab,Cixutumumab,
https://en.wikipedia.org/wiki/Conatumumab,Conatumumab,
https://en.wikipedia.org/wiki/Foravirumab,Foravirumab,
https://en.wikipedia.org/wiki/Rafivirumab,Rafivirumab,
https://en.wikipedia.org/wiki/Ramucirumab,Ramucirumab,Cyramza
https://en.wikipedia.org/wiki/Tenatumomab,Tenatumomab,
https://en.wikipedia.org/wiki/Obinutuzumab,Obinutuzumab,Gazyva|Gazyvaro
https://en.wikipedia.org/wiki/Citatuzumab%20bogatox,Citatuzumab bogatox,
https://en.wikipedia.org/wiki/Farletuzumab,Farletuzumab,
https://en.wikipedia.org/wiki/Milatuzumab,Milatuzumab,
https://en.wikipedia.org/wiki/Tigatuzumab,Tigatuzumab,
https://en.wikipedia.org/wiki/Veltuzumab,Veltuzumab,
https://en.wikipedia.org/wiki/Vedolizumab,Vedolizumab,Entyvio
https://en.wikipedia.org/wiki/Alacizumab%20pegol,Alacizumab pegol,
https://en.wikipedia.org/wiki/Tanezumab,Tanezumab,
https://en.wikipedia.org/wiki/Ozogamicin,Ozogamicin,
https://en.wikipedia.org/wiki/BTS%2074%2C398,"BTS 74,398",
https://en.wikipedia.org/wiki/Figitumumab,Figitumumab,
https://en.wikipedia.org/wiki/4-Methyldiphenhydramine,4-Methyldiphenhydramine,
https://en.wikipedia.org/wiki/CYT006-AngQb,CYT006-AngQb,
https://en.wikipedia.org/wiki/Taurolidine,Taurolidine,
https://en.wikipedia.org/wiki/Entolimod,Entolimod,
https://en.wikipedia.org/wiki/Licofelone,Licofelone,
https://en.wikipedia.org/wiki/Paclitaxel%20trevatide,Paclitaxel trevatide,
https://en.wikipedia.org/wiki/Neratinib,Neratinib,Nerlynx|Hernix
https://en.wikipedia.org/wiki/NmVac4-A/C/Y/W-135,NmVac4-A/C/Y/W-135,
https://en.wikipedia.org/wiki/Albiglutide,Albiglutide,Eperzan (Europe)|Tanzeum (US)
https://en.wikipedia.org/wiki/Biological%20functions%20of%20nitric%20oxide,Biological functions of nitric oxide,Inomax|Noxivent|Genosyl
https://en.wikipedia.org/wiki/Ethyl%20eicosapentaenoic%20acid,Ethyl eicosapentaenoic acid,Vascepa|Vazkepa
https://en.wikipedia.org/wiki/Diphtheria%20vaccine,Diphtheria vaccine,
https://en.wikipedia.org/wiki/Pertussis%20vaccine,Pertussis vaccine,
https://en.wikipedia.org/wiki/Brucellosis%20vaccine,Brucellosis vaccine,
https://en.wikipedia.org/wiki/Cholera%20vaccine,Cholera vaccine,Dukoral|Vaxchora
https://en.wikipedia.org/wiki/Meningococcal%20vaccine,Meningococcal vaccine,Menactra|Menveo|Menomune
https://en.wikipedia.org/wiki/Plague%20vaccine,Plague vaccine,
https://en.wikipedia.org/wiki/Typhoid%20vaccine,Typhoid vaccine,Typhim Vi|Vivotif
https://en.wikipedia.org/wiki/Typhus%20vaccine,Typhus vaccine,
https://en.wikipedia.org/wiki/Tick-borne%20encephalitis%20vaccine,Tick-borne encephalitis vaccine,Encepur N|FSME-Immun CC|Ticovac
https://en.wikipedia.org/wiki/Measles%20vaccine,Measles vaccine,
https://en.wikipedia.org/wiki/Rubella%20vaccine,Rubella vaccine,Meruvax|other
https://en.wikipedia.org/wiki/Yellow%20fever%20vaccine,Yellow fever vaccine,YF-Vax|Stamaril
https://en.wikipedia.org/wiki/Japanese%20encephalitis%20vaccine,Japanese encephalitis vaccine,Ixiaro|Imojev
https://en.wikipedia.org/wiki/Taspoglutide,Taspoglutide,
https://en.wikipedia.org/wiki/Fluticasone%20furoate,Fluticasone furoate,
https://en.wikipedia.org/wiki/Insulin%20%28medication%29,Insulin (medication),Humulin|Novolin|Insuman
https://en.wikipedia.org/wiki/Fibrin%20glue,Fibrin glue,Artiss|Evicel|Tisseel
https://en.wikipedia.org/wiki/Adenovirus%20vaccine,Adenovirus vaccine,
https://en.wikipedia.org/wiki/Rozrolimupab,Rozrolimupab,
https://en.wikipedia.org/wiki/Necitumumab,Necitumumab,Portrazza
https://en.wikipedia.org/wiki/Oportuzumab%20monatox,Oportuzumab monatox,Vicineum
https://en.wikipedia.org/wiki/Panobacumab,Panobacumab,
https://en.wikipedia.org/wiki/Robatumumab,Robatumumab,
https://en.wikipedia.org/wiki/Siltuximab,Siltuximab,Sylvant
https://en.wikipedia.org/wiki/Solanezumab,Solanezumab,
https://en.wikipedia.org/wiki/Delafloxacin,Delafloxacin,Baxdela|Quofenix
https://en.wikipedia.org/wiki/Co-danthrusate,Co-danthrusate,
https://en.wikipedia.org/wiki/Sodium%20cellulose%20phosphate,Sodium cellulose phosphate,
https://en.wikipedia.org/wiki/OSI-7904,OSI-7904,
https://en.wikipedia.org/wiki/Maribavir,Maribavir,Livtencity
https://en.wikipedia.org/wiki/Pomalidomide,Pomalidomide,Pomalyst|Imnovid
https://en.wikipedia.org/wiki/Esterom,Esterom,Esterom
https://en.wikipedia.org/wiki/CR6261,CR6261,
https://en.wikipedia.org/wiki/Tocofersolan,Tocofersolan,Vedrop
https://en.wikipedia.org/wiki/ADH-1,ADH-1,Exherin
https://en.wikipedia.org/wiki/Pegloticase,Pegloticase,Krystexxa|Puricase
https://en.wikipedia.org/wiki/MDAI,MDAI,
https://en.wikipedia.org/wiki/Alpha-Methylserotonin,Alpha-Methylserotonin,
https://en.wikipedia.org/wiki/Perampanel,Perampanel,Fycompa
https://en.wikipedia.org/wiki/Naltrexone/bupropion,Naltrexone/bupropion,Contrave|Mysimba
https://en.wikipedia.org/wiki/Radium-223,Radium-223,Xofigo
https://en.wikipedia.org/wiki/ATNAA,ATNAA,Atnaa|Duodote
https://en.wikipedia.org/wiki/Belinostat,Belinostat,Beleodaq
https://en.wikipedia.org/wiki/Hepatitis%20B%20immune%20globulin,Hepatitis B immune globulin,HepaGam B|Nabi-HB|Zutectra
https://en.wikipedia.org/wiki/Toceranib,Toceranib,Palladia
https://en.wikipedia.org/wiki/Inosine%20pranobex,Inosine pranobex,Imunovir|Delimmun|Isoprinosine|Viruxan
https://en.wikipedia.org/wiki/Sulglicotide,Sulglicotide,
https://en.wikipedia.org/wiki/Butizide,Butizide,
https://en.wikipedia.org/wiki/Levosulpiride,Levosulpiride,
https://en.wikipedia.org/wiki/Olaparib,Olaparib,Lynparza
https://en.wikipedia.org/wiki/Dexamethasone%20isonicotinate,Dexamethasone isonicotinate,Auxiloson|Auxilson|Auxilsone|Voren
https://en.wikipedia.org/wiki/Licarbazepine,Licarbazepine,
https://en.wikipedia.org/wiki/Milbemycin%20oxime,Milbemycin oxime,Interceptor
https://en.wikipedia.org/wiki/Chymopapain,Chymopapain,
https://en.wikipedia.org/wiki/Template%3AChembox/testcases,Template:Chembox/testcases,
https://en.wikipedia.org/wiki/Canagliflozin,Canagliflozin,Invokana|Sulisent|Prominad
https://en.wikipedia.org/wiki/KP-1461,KP-1461,
https://en.wikipedia.org/wiki/Ethinylestradiol/norethisterone,Ethinylestradiol/norethisterone,Alyacen|Aranelle|Balziva
https://en.wikipedia.org/wiki/Chromium%28III%29%20nicotinate,Chromium(III) nicotinate,
https://en.wikipedia.org/wiki/Tecovirimat,Tecovirimat,Tpoxx
https://en.wikipedia.org/wiki/Tiotropium%20bromide,Tiotropium bromide,Spiriva
https://en.wikipedia.org/wiki/Indium%20%28111In%29%20biciromab,Indium (111In) biciromab,FibriScint
https://en.wikipedia.org/wiki/Fresolimumab,Fresolimumab,
https://en.wikipedia.org/wiki/Ceftaroline%20fosamil,Ceftaroline fosamil,Teflaro|Zinforo
https://en.wikipedia.org/wiki/Fidaxomicin,Fidaxomicin,Dificid|Dificlir
https://en.wikipedia.org/wiki/Brentuximab%20vedotin,Brentuximab vedotin,Adcetris
https://en.wikipedia.org/wiki/Tecemotide,Tecemotide,
https://en.wikipedia.org/wiki/Rucaparib,Rucaparib,Rubraca
https://en.wikipedia.org/wiki/Rontalizumab,Rontalizumab,
https://en.wikipedia.org/wiki/Terpin,Terpin,
https://en.wikipedia.org/wiki/Briakinumab,Briakinumab,
https://en.wikipedia.org/wiki/Didesmethylcitalopram,Didesmethylcitalopram,
https://en.wikipedia.org/wiki/Medroxalol,Medroxalol,
https://en.wikipedia.org/wiki/Oxomemazine/guaifenesin,Oxomemazine/guaifenesin,Toplexil
https://en.wikipedia.org/wiki/Liotrix,Liotrix,Thyrolar
https://en.wikipedia.org/wiki/Lucinactant,Lucinactant,Surfaxin
https://en.wikipedia.org/wiki/Pegsunercept,Pegsunercept,
https://en.wikipedia.org/wiki/Collagenase%20clostridium%20histolyticum,Collagenase clostridium histolyticum,Xiaflex|Xiapex|Qwo
https://en.wikipedia.org/wiki/Velaglucerase%20alfa,Velaglucerase alfa,Vpriv
https://en.wikipedia.org/wiki/Moroctocog%20alfa,Moroctocog alfa,ReFacto|ReFacto AF
https://en.wikipedia.org/wiki/Pirfenidone,Pirfenidone,Esbriet|Pirespa|Etuary
https://en.wikipedia.org/wiki/Acetylsalicylic%20acid/dipyridamole,Acetylsalicylic acid/dipyridamole,Aggrenox|Asasantin
https://en.wikipedia.org/wiki/Olaratumab,Olaratumab,Lartruvo
https://en.wikipedia.org/wiki/Bromadoline,Bromadoline,
https://en.wikipedia.org/wiki/Fusidic%20acid/betamethasone%20valerate,Fusidic acid/betamethasone valerate,Fucibet
https://en.wikipedia.org/wiki/Benralizumab,Benralizumab,Fasenra
https://en.wikipedia.org/wiki/Edaravone,Edaravone,Radicava|Radicut|Xavron
https://en.wikipedia.org/wiki/Glembatumumab%20vedotin,Glembatumumab vedotin,
https://en.wikipedia.org/wiki/Crizotinib,Crizotinib,Xalkori
https://en.wikipedia.org/wiki/Cabazitaxel,Cabazitaxel,Jevtana
https://en.wikipedia.org/wiki/Tivozanib,Tivozanib,Fotivda
https://en.wikipedia.org/wiki/Imeglimin,Imeglimin,Twymeeg
https://en.wikipedia.org/wiki/Metaflumizone,Metaflumizone,ProMeris|Alverde
https://en.wikipedia.org/wiki/Atacicept,Atacicept,
https://en.wikipedia.org/wiki/Tigilanol%20tiglate,Tigilanol tiglate,Stelfonta
https://en.wikipedia.org/wiki/Lasmiditan,Lasmiditan,Reyvow
https://en.wikipedia.org/wiki/Sipuleucel-T,Sipuleucel-T,Provenge
https://en.wikipedia.org/wiki/Tafamidis,Tafamidis,Vyndaqel|Vyndamax
https://en.wikipedia.org/wiki/Carfilzomib,Carfilzomib,Kyprolis
https://en.wikipedia.org/wiki/Zoptarelin%20doxorubicin,Zoptarelin doxorubicin,
https://en.wikipedia.org/wiki/Intravenous%20sugar%20solution,Intravenous sugar solution,
https://en.wikipedia.org/wiki/Edoxaban,Edoxaban,Savaysa|Lixiana|Roteas
https://en.wikipedia.org/wiki/Lixisenatide,Lixisenatide,Lyxumia (EU)|Adlyxin (US)
https://en.wikipedia.org/wiki/Asunercept,Asunercept,
https://en.wikipedia.org/wiki/Trastuzumab%20emtansine,Trastuzumab emtansine,Kadcyla
https://en.wikipedia.org/wiki/Telmisartan/hydrochlorothiazide,Telmisartan/hydrochlorothiazide,MicardisPlus|Micardis HCT|PritorPlus
https://en.wikipedia.org/wiki/Valsartan/hydrochlorothiazide,Valsartan/hydrochlorothiazide,Co-vasotec|Diovan HCT|Co-Diovan
https://en.wikipedia.org/wiki/Benzylpenicilloyl%20polylysine,Benzylpenicilloyl polylysine,Pre-Pen
https://en.wikipedia.org/wiki/Perfosfamide,Perfosfamide,
https://en.wikipedia.org/wiki/Tofacitinib,Tofacitinib,Xeljanz|Jaquinus|Tofacinix
https://en.wikipedia.org/wiki/Censavudine,Censavudine,
https://en.wikipedia.org/wiki/Temozolomide,Temozolomide,Temodar|Temodal|Temcad
https://en.wikipedia.org/wiki/Astressin-B,Astressin-B,
https://en.wikipedia.org/wiki/BW-A444,BW-A444,
https://en.wikipedia.org/wiki/Lopinavir/ritonavir,Lopinavir/ritonavir,Kaletra|Aluvia
https://en.wikipedia.org/wiki/Ivacaftor,Ivacaftor,Kalydeco
https://en.wikipedia.org/wiki/Benzyl%20benzoate/disulfiram,Benzyl benzoate/disulfiram,Tenutex
https://en.wikipedia.org/wiki/Cenderitide,Cenderitide,
https://en.wikipedia.org/wiki/Omecamtiv%20mecarbil,Omecamtiv mecarbil,
https://en.wikipedia.org/wiki/Lorvotuzumab%20mertansine,Lorvotuzumab mertansine,
https://en.wikipedia.org/wiki/Remimazolam,Remimazolam,Byfavo
https://en.wikipedia.org/wiki/Econazole/triamcinolone,Econazole/triamcinolone,
https://en.wikipedia.org/wiki/F15845,F15845,
https://en.wikipedia.org/wiki/NAMI-A,NAMI-A,
https://en.wikipedia.org/wiki/Hyoscyamine/hexamethylenetetramine/phenyl%20salicylate/methylene%20blue/benzoic%20acid,Hyoscyamine/hexamethylenetetramine/phenyl salicylate/methylene blue/benzoic acid,Methylphen|Prosed DS
https://en.wikipedia.org/wiki/Tropicamide/hydroxyamfetamine,Tropicamide/hydroxyamfetamine,Paremyd
https://en.wikipedia.org/wiki/Intravenous%20sodium%20bicarbonate,Intravenous sodium bicarbonate,
https://en.wikipedia.org/wiki/Chlormerodrin,Chlormerodrin,
https://en.wikipedia.org/wiki/AH-1058,AH-1058,
https://en.wikipedia.org/wiki/Dolutegravir,Dolutegravir,Tivicay|Tivicay PD
https://en.wikipedia.org/wiki/Gataparsen,Gataparsen,
https://en.wikipedia.org/wiki/Nintedanib,Nintedanib,Vargatef|Ofev
https://en.wikipedia.org/wiki/BI%20811283,BI 811283,
https://en.wikipedia.org/wiki/Urea-containing%20cream,Urea-containing cream,Decubal|Carmol 40|Keralac
https://en.wikipedia.org/wiki/Snake%20antivenom,Snake antivenom,
https://en.wikipedia.org/wiki/Cabozantinib,Cabozantinib,Cometriq|Cabometyx
https://en.wikipedia.org/wiki/Blisibimod,Blisibimod,
https://en.wikipedia.org/wiki/Selumetinib,Selumetinib,Koselugo
https://en.wikipedia.org/wiki/Brigatinib,Brigatinib,Alunbrig
https://en.wikipedia.org/wiki/Velusetrag,Velusetrag,
https://en.wikipedia.org/wiki/Fostamatinib,Fostamatinib,Tavalisse|Tavlesse
https://en.wikipedia.org/wiki/Fexinidazole,Fexinidazole,
https://en.wikipedia.org/wiki/Alseroxylon,Alseroxylon,
https://en.wikipedia.org/wiki/Interferon%20alfacon-1,Interferon alfacon-1,
https://en.wikipedia.org/wiki/Edotreotide,Edotreotide,SomaKit TOC
https://en.wikipedia.org/wiki/Ixekizumab,Ixekizumab,Taltz
https://en.wikipedia.org/wiki/Mogamulizumab,Mogamulizumab,Poteligeo
https://en.wikipedia.org/wiki/Moxetumomab%20pasudotox,Moxetumomab pasudotox,Lumoxiti
https://en.wikipedia.org/wiki/Romosozumab,Romosozumab,Evenity
https://en.wikipedia.org/wiki/Teprotumumab,Teprotumumab,Tepezza
https://en.wikipedia.org/wiki/Tralokinumab,Tralokinumab,Adtralza|Adbry
https://en.wikipedia.org/wiki/Sarilumab,Sarilumab,Kevzara
https://en.wikipedia.org/wiki/Racotumomab,Racotumomab,Vaxira
https://en.wikipedia.org/wiki/Yttrium%20%2890Y%29%20clivatuzumab%20tetraxetan,Yttrium (90Y) clivatuzumab tetraxetan,
https://en.wikipedia.org/wiki/Template%3AInfobox%20drug/testcases2,Template:Infobox drug/testcases2,
https://en.wikipedia.org/wiki/Template%3AInfobox%20drug/testcases2,Template:Infobox drug/testcases2,Teysuno|TS-1
https://en.wikipedia.org/wiki/RTS%2CS,"RTS,S",Mosquirix
